-- phpMyAdmin SQL Dump
-- version 4.9.7
-- https://www.phpmyadmin.net/
--
-- Host: localhost:3306
-- Generation Time: Sep 18, 2022 at 09:47 AM
-- Server version: 10.3.36-MariaDB-cll-lve
-- PHP Version: 7.4.30

SET SQL_MODE = "NO_AUTO_VALUE_ON_ZERO";
SET AUTOCOMMIT = 0;
START TRANSACTION;
SET time_zone = "+00:00";


/*!40101 SET @OLD_CHARACTER_SET_CLIENT=@@CHARACTER_SET_CLIENT */;
/*!40101 SET @OLD_CHARACTER_SET_RESULTS=@@CHARACTER_SET_RESULTS */;
/*!40101 SET @OLD_COLLATION_CONNECTION=@@COLLATION_CONNECTION */;
/*!40101 SET NAMES utf8mb4 */;

--
-- Database: `dayagim_maindb`
--

-- --------------------------------------------------------

--
-- Table structure for table `admins`
--

CREATE TABLE `admins` (
  `id` bigint(20) UNSIGNED NOT NULL,
  `name` varchar(255) COLLATE utf8mb4_unicode_ci NOT NULL,
  `email` varchar(255) COLLATE utf8mb4_unicode_ci NOT NULL,
  `email_verified_at` timestamp NULL DEFAULT NULL,
  `password` varchar(255) COLLATE utf8mb4_unicode_ci NOT NULL,
  `image` varchar(255) COLLATE utf8mb4_unicode_ci NOT NULL DEFAULT 'backend/image/default-user.png',
  `remember_token` varchar(100) COLLATE utf8mb4_unicode_ci DEFAULT NULL,
  `created_at` timestamp NULL DEFAULT NULL,
  `updated_at` timestamp NULL DEFAULT NULL
) ENGINE=InnoDB DEFAULT CHARSET=utf8mb4 COLLATE=utf8mb4_unicode_ci;

--
-- Dumping data for table `admins`
--

INSERT INTO `admins` (`id`, `name`, `email`, `email_verified_at`, `password`, `image`, `remember_token`, `created_at`, `updated_at`) VALUES
(1, 'מנהל מערכת', 'admin@gmail.com', '2022-07-25 05:09:47', '$2y$10$/iBkG/TQacrA2KOj9l7XoeE85CQm6oKVCswEzsb13Mj7k2hELCcBe', 'backend/image/default-user.png', 'sg05IJHiCgfJ5WwNKJvadaVH4ImU6cju6c4MxTDNVOfHdw2dvmkxIIthQ4mg', '2022-07-25 05:09:47', '2022-09-17 11:56:34'),
(2, 'Mr Rony', 'rony@gmail.com', NULL, '$2y$10$/iBkG/TQacrA2KOj9l7XoeE85CQm6oKVCswEzsb13Mj7k2hELCcBe', 'uploads/user/1661081492_63021794a8010.jpg', NULL, '2022-08-21 05:31:32', '2022-08-21 05:32:26');

-- --------------------------------------------------------

--
-- Table structure for table `admin_searches`
--

CREATE TABLE `admin_searches` (
  `id` bigint(20) UNSIGNED NOT NULL,
  `page_title` varchar(255) COLLATE utf8mb4_unicode_ci DEFAULT NULL,
  `url` varchar(255) COLLATE utf8mb4_unicode_ci DEFAULT NULL,
  `created_at` timestamp NULL DEFAULT NULL,
  `updated_at` timestamp NULL DEFAULT NULL
) ENGINE=InnoDB DEFAULT CHARSET=utf8mb4 COLLATE=utf8mb4_unicode_ci;

-- --------------------------------------------------------

--
-- Table structure for table `ads`
--

CREATE TABLE `ads` (
  `id` bigint(20) UNSIGNED NOT NULL,
  `title` varchar(255) COLLATE utf8mb4_unicode_ci NOT NULL,
  `slug` varchar(255) COLLATE utf8mb4_unicode_ci NOT NULL,
  `user_id` bigint(20) UNSIGNED NOT NULL,
  `category_id` bigint(20) UNSIGNED NOT NULL,
  `subcategory_id` bigint(20) UNSIGNED DEFAULT NULL,
  `brand_id` bigint(20) UNSIGNED NOT NULL,
  `price` double(8,2) NOT NULL,
  `description` longtext COLLATE utf8mb4_unicode_ci NOT NULL,
  `phone` varchar(255) COLLATE utf8mb4_unicode_ci DEFAULT NULL,
  `show_phone` tinyint(1) NOT NULL DEFAULT 1,
  `phone_2` varchar(255) COLLATE utf8mb4_unicode_ci DEFAULT NULL,
  `thumbnail` varchar(255) COLLATE utf8mb4_unicode_ci DEFAULT NULL,
  `status` enum('active','sold','pending','declined') COLLATE utf8mb4_unicode_ci NOT NULL DEFAULT 'active',
  `featured` tinyint(1) NOT NULL DEFAULT 0,
  `total_reports` int(11) NOT NULL DEFAULT 0,
  `total_views` int(11) NOT NULL DEFAULT 0,
  `is_blocked` tinyint(1) NOT NULL DEFAULT 0,
  `drafted_at` date DEFAULT NULL,
  `created_at` timestamp NULL DEFAULT NULL,
  `updated_at` timestamp NULL DEFAULT NULL,
  `address` varchar(255) COLLATE utf8mb4_unicode_ci DEFAULT NULL,
  `neighborhood` varchar(255) COLLATE utf8mb4_unicode_ci DEFAULT NULL,
  `locality` varchar(255) COLLATE utf8mb4_unicode_ci DEFAULT NULL,
  `place` varchar(255) COLLATE utf8mb4_unicode_ci DEFAULT NULL,
  `district` varchar(255) COLLATE utf8mb4_unicode_ci DEFAULT NULL,
  `postcode` varchar(255) COLLATE utf8mb4_unicode_ci DEFAULT NULL,
  `region` varchar(255) COLLATE utf8mb4_unicode_ci DEFAULT NULL,
  `country` varchar(255) COLLATE utf8mb4_unicode_ci DEFAULT NULL,
  `long` double DEFAULT NULL,
  `lat` double DEFAULT NULL,
  `whatsapp` varchar(255) COLLATE utf8mb4_unicode_ci DEFAULT NULL,
  `product_status_id` int(11) DEFAULT NULL,
  `delivery_sell_id` int(11) DEFAULT NULL
) ENGINE=InnoDB DEFAULT CHARSET=utf8mb4 COLLATE=utf8mb4_unicode_ci;

--
-- Dumping data for table `ads`
--

INSERT INTO `ads` (`id`, `title`, `slug`, `user_id`, `category_id`, `subcategory_id`, `brand_id`, `price`, `description`, `phone`, `show_phone`, `phone_2`, `thumbnail`, `status`, `featured`, `total_reports`, `total_views`, `is_blocked`, `drafted_at`, `created_at`, `updated_at`, `address`, `neighborhood`, `locality`, `place`, `district`, `postcode`, `region`, `country`, `long`, `lat`, `whatsapp`, `product_status_id`, `delivery_sell_id`) VALUES
(14, 'קוואסאקי נינג`ה 650 יד 1 | שנת 2017 | 25 ק\"מ', 'qvvasaqy-nyngh-650-yd-1-shnt-2017-25-qm', 1, 20, 34, 3, 125.00, '<p>קניית רכבים היא בין ההוצאות הגדולות של המשפחה, מיד לאחר רכישת דירה. עם זאת, אפשר למצוא רכב במחיר אטרקטיבי יותר אם אתם לא מתעקשים על יד ראשונה דווקא. אתם יכולים למצוא מגון רחב של רכבי יד שניה הנמכרים על ידי חברות הליסינג וסוכנויות רכב מורשות. פעמים רבות אלה יהיו רכבים שהתקבלו בטרייד אין ויבדקו היטב לפני שהם עוברים לידיכם. חפשו רכב עם אחריות כאשר קונים רכב יד שניה ממוכר אקראי שמצאתם במודעה באינטרנט או רכב שנשא שלט למכירה, אינכם יכולים לדעת בוודאות את מצב הרכב. נכון, אפשר לעשות בדיקה לרכב במוסך, אך אין לכם אחריות לחודשים שאחרי הרכישה ותקלות רבות ניתן להסוות או להסתיר לזמן קצר. למשל, אם קונים רכב ביום קר מאד לא תוכלו לדעת אם הוא מתחמם בקלות בשל תקלה במאייד. בחרו רכב מחברה שמתחייבת בפניכם כי הרכב נבדק ומוכנה לתת גם מספר חודשי אחריות לפחות.</p>', '+8801990572321', 0, NULL, 'uploads/addss_image/1663429516_6325eb8c37be2.png', 'active', 1, 0, 1, 0, NULL, '2022-09-17 18:45:12', '2022-09-18 06:43:03', 'jerusalem-israel', '', '', '', '', '', 'Jerusalem', 'Israel', 35.20491688776197, 31.762934756534985, '8801990572321', 0, 0),
(15, 'Hp Core i3-3rd Gen Ram-4GB HDD-500GB', 'hp-core-i3-3rd-gen-ram-4gb-hdd-500gb', 1, 20, 34, 3, 120.00, 'Lorem Ipsum is simply dummy text of the printing and typesetting industry. Lorem Ipsum has been the industry\'s standard dummy text ever since the 1500s, when an unknown printer took a galley of type and scrambled it to make a type specimen book. It has survived not only five centuries, but also the leap into electronic typesetting, remaining essentially unchanged. It was popularised in the 1960s with the release of Letraset sheets containing Lorem Ipsum passages, and more recently with desktop publishing software like Aldus PageMaker including versions of Lorem Ipsum.', '01990572321', 0, NULL, 'uploads/addss_image/1663472887_632694f73f2ff.jpg', 'active', 0, 0, 3, 0, NULL, '2022-09-18 06:48:02', '2022-09-18 07:19:43', 'jerusalem-israel', '', '', '', '', '', 'Jerusalem', 'Israel', 35.2063436252701, 31.763516241134685, NULL, 0, 0),
(16, 'טיפים של מקצוענים לצביעת דירות ובתים', 'typym-shl-mqtsvnym-ltsbyt-dyrvt-vbtym', 4, 21, NULL, 3, 550.00, '<p>בשירותים מבוקשים שבהם מחליפים ידיים סכומי כסף גבוהים, תמיד יהיה מי שירצה לשכלל את השיטה ולעשות כסף קל.</p><p>בצביעת דירות ובתים, העניין הזה מקבל משנה תוקף, מאחר והיעדר חסמי כניסה אל הענף, מביאים למצב שישנם הרבה בעלי מקצוע שמגדירים עצמם צבעים – חלקם מקצועיים ואמינים ומחלקם כדאי להיזהר.</p><p>אם זה לא מספיק, ישנם גם יצרנים של חומרי גלם שונים, המנסים ״לעשות סיבוב״ על הצרכן הנלהב ולמכור לו צבעים במחירים יקרים – לעתים קרובות ללא סיבה מוצדקת.</p><p>כיצד, אם כן, ניתן לצבוע את הבית באופן מוצלח, בתקציב זול ואיך לבחור את הצבעי המושלם במידה והחלטתם להזמין אחד.</p>', NULL, 1, NULL, 'uploads/addss_images/1663475976_6326a108b8624.jpg', 'active', 0, 0, 0, 0, NULL, '2022-09-18 07:39:32', '2022-09-18 08:03:22', '', '', '', '', '', '', '', '', 34.8912713, 32.4384186, '', 0, 0),
(17, 'הדרכים להובלת פריטים בודדים שכדאי לכם להכיר', 'hdrkym-lhvblt-prytym-bvddym-shkday-lkm-lhkyr', 4, 21, NULL, 3, 667.00, '<p>הובלת פריטים היא השירות המבוקש ביותר בכלל שירותי ההובלה בישראל ואף על פי שרוב הציבור סבור שהביקוש למובילים נובע בעיקר במעברי דירות ומשרדים, הובלת פריטים או בשמה <a href=\"https://baktana-moving.co.il/\">׳<strong>הובלה קטנה</strong>׳</a> מהווה למעלה מ-70% מסך ההובלות בישראל.</p><p>צריכים להוביל מקרר, סלון או דירה קטנה? כדאי מאוד שתכירו את ההובלות הקטנות ואת הדרך המומלצת לבצע אותן מפני שאם לא כן, אתם עלולים למצוא את עצמכם עם הוצאות כספיות יקרות ששמות את הכדאיות של ההובלה בספק גדול.</p>', NULL, 1, NULL, 'uploads/addss_images/1663476086_6326a176bb02b.jpg', 'active', 0, 0, 1, 0, NULL, '2022-09-18 07:41:26', '2022-09-18 12:25:57', '', '', '', '', '', '', '', '', 34.8912713, 32.4384186, '', 0, 0),
(18, '4 החדשה שלכם', '4-hkhdshh-shlkm', 4, 21, NULL, 3, 2000.00, '<p>אמבטיות יכולות להיראות אותו דבר מבחינה חיצונית, אך למעשה כל אחת מהן יכולה להיות עשויה מחומר אחר לגמרי. לכן, חשוב כי תכירו לעומק את כל סוגי החומרים ותבדקו מה הכי מתאים לכם מבחינת תחזוקה ואופי המשתמשים. מבין סוגי החומרים הנפוצים ניתן לציין את הבאים:</p><ul><li><strong>אמבטיות בציפוי אמייל</strong> - אלו אמבטיות שעד לשנים האחרונות היו הנפוצות ביותר בבתי ישראל. הן עשויות מפח או ברזל שמצופים בשכבת אמייל. היתרון באמבטיות שכאלו הוא שהן זולות יחסית וניתנות לחידוש כאשר שכבת האמייל נפגעת. החיסרון הוא שאם לא מתחזקים אותן כראוי, המים מתחילים עם הזמן ליצור חלודה בשכבה שמתחת לאמייל ולמעשה הורסים את האמבטיה.</li><li><strong>אמבטיות אקריליות</strong> - אמבטיות אלו עשויות מפולימר אקרילי מיוחד שעבר יציקה אל תוך תבנית בגודל ובצורה הרצויים. מדובר באמבטיות קלות משקל אשר אינן מחלידות לעולם.</li><li><strong>אמבטיות שיש</strong> - אם אתם מחפשים אמבטיות מעוצבות מיוחדות במינן, זוהי הבחירה המומלצת עבורכם. אמבטיות אלו נחשבות ליוקרתיות ביותר והן אף ידועות בחוזקן הרב ובעיכוב היווצרות חיידקים על גביהן</li></ul>', NULL, 1, NULL, 'uploads/addss_images/1663476287_6326a23f9a763.jpg', 'active', 0, 0, 0, 0, NULL, '2022-09-18 07:44:47', '2022-09-18 07:44:47', '', '', '', '', '', '', '', '', 34.774635, 32.08164, '', 0, 0),
(19, 'ניקוי ספות לפי סוג ריפוד', 'nyqvy-spvt-lpy-svg-rypvd', 4, 21, NULL, 3, 600.00, '<p><strong>לפני הכל – בצעו בדיקת משטח מקדימה</strong></p><p>נכון, ישנם חומרי ניקוי בחנויות שמותאמים לבדי ריפוד שונים – טבעיים וסינטטיים כאחד.<br>אבל, לא כל בדי הריפוד הם זהים. ריפוד מכותנה שמיוצר על ידי חברות שונות יהיה שונה – למרות שמדובר בכותנה בשני המקרים. ההבדלים נובעים משיטות ייצור, ספירת סיבים, עובי הבד, וגורמים רבים אחרים. זה תקף לכל סוגי הריפודים, ולכן חשוב להיות זהירים כאשר מבצעים <a href=\"https://we-clean.co.il/\"><strong>ניקוי ספות</strong></a> ביתי. לפני שאתם מתחילים במשימה, חשוב לעשות בדיקה מקדימה על שטח קטן בספה/כורסה שלא רואים (כמו בחלק האחורי של הרהיטים האלו).</p><p>עקבו אחר הוראות הניקוי של החומר שבחרתם, ומרחו/רססו אותו על חלק קטן בספה. המשיכו בניקוי לפי ההוראות, וודאו שלא נוצר נזק באזור הקטן הזה. חשוב לוודא שחומר הניקוי שבוחרים לא משנה את צבע הריפוד, גורם לשפשופים, או לנזקים אחרים – לפני שמנקים את הרהיט כולו. כדי להיות בטוחים לחלוטין, המתינו מספר שעות לאחר הבדיקה כדי לוודא שלא חל שינוי בצבע, או שלא נוצר נזק אחר.</p>', NULL, 1, NULL, 'uploads/addss_images/1663476402_6326a2b21d786.jpg', 'active', 0, 0, 0, 0, NULL, '2022-09-18 07:46:42', '2022-09-18 07:46:42', '', '', '', '', '', '', '', '', 35.2056087, 31.7631867, '', 0, 0),
(20, 'מיקרופון למחשב – כיצד מומלץ לבחור?', 'myqrvpvn-lmkhshb-kytsd-mvmlts-lbkhvr', 4, 21, NULL, 3, 555.00, '<p>ככל שעובר הזמן אופני השימוש השונים של כולנו במחשבים הולכים ומתפתחים יותר ויותר, עד כדי מצב בו כמעט לכל אדם בוגר יש לפחות סוג אחד של מחשב, שלא לדבר על מגוון מכשירים וגאדג\'טים דומים אחרים. עבור חלק בלתי מבוטל מאיתנו, במיוחד במהלך השנה האחרונה, גם מיקרופון ועזרים נלווים נוספים למחשב הפכו לאביזר הכרחי ובסיסי, באמצעותו אנחנו מתקשרים עם העולם ומשתתפים בפגישות זום, למשל.</p>', NULL, 1, NULL, 'uploads/addss_images/1663476615_6326a38720f01.jpg', 'active', 0, 0, 1, 0, NULL, '2022-09-18 07:50:15', '2022-09-18 10:20:24', '', '', '', '', '', '', '', '', 35.1657752, 31.744709, '', 0, 0),
(21, 'איך לבחור מעבדה עבור תיקון מחשבי אפל', 'ayk-lbkhvr-mbdh-bvr-tyqvn-mkhshby-apl', 4, 22, NULL, 3, 500.00, '<p><strong>למה חשוב לבחור במעבדה הטובה ביותר עבור תיקון מחשבי אפל?</strong></p><p>על אף שניתן למצוא כיום לא מעט מעבדות המציעות שירות תיקונים למחשבים נייחים או ניידים, כאשר מדובר על מחשב של אפל, אין לבחור בכל מעבדה באשר היא. לא כל טכנאי מחשבים יודע כיצד לתקן מחשבים של אפל ולא בכל מעבדה ניתן למצוא חלקי חילוף מתאימים למחשבים הללו, גישה מתאימה לתיקון המחשבים הללו ועוד. מחשבי אפל הם מחשבים יוקרתיים מאוד. המראה שלהם מעוצב ודקורטיבי, הם קלים לנשיאה ודקים והאם איכותיים ופונקציונאליים מאוד. על כן, כאשר בוחרים לרכוש אותם, עושים החלטה טובה מאוד. לא מעט אנשי מקצוע בוחרים כיום לעבוד עם מחשבי אפל, לא מעט גיימרים בוחרים דווקא במחשבים הללו ועוד. לכן, כאשר ישנה בעיה כלשהי במחשבי אפל, אין ספק שחשוב מאוד לגשת למעבדה המתמחה בתחום תיקון מחשבי אפל. מעבדה מעין זאת תציע לכם שירות טכנאי מקצועי ומנוסה אשר יודע כיצד לאבחן כל תקלה או בעיה כלשהי במחשבים הללו ובהתאם לכך, להעניק לה את התיקון הטוב ביותר. בסופו של דבר, כל אדם מעוניים לשמור על מחשב מק שלו לאורך ככמה שיותר זמן בצורה הטובה ביותר ועל כן, אין ספק שכאשר יש בעיה כלשהי במחשבי אפל, יש לפנות למעבדה מקצועית.</p>', NULL, 1, NULL, 'uploads/addss_images/1663476850_6326a472e07e6.jpg', 'active', 0, 0, 0, 0, NULL, '2022-09-18 07:54:10', '2022-09-18 07:54:10', '', '', '', '', '', '', '', '', 34.8912713, 32.4384186, '', 0, 0),
(22, 'דירה חדשה בלי לעבור דירה', 'dyrh-khdshh-bly-lbvr-dyrh', 4, 21, NULL, 3, 600.00, '<p><strong>&nbsp;להרגיש התחדשות בלי לעבור דירה</strong></p><p>אם יצא לכם לעבור דירה לדירה חדשה לחלוטין בחייכם, אתם בוודאי יודעים שמדובר בתחושה יוצאת מן הכלל. עם זאת, מעבר דירה דורש מאיתנו הוצאות עצומות, וכאשר אנחנו צריכים לבצע את התהליך הזה עלינו להשקיע באיכות החיים שלנו ובהתחדשות.</p><p>אנחנו משקיעים בעיצוב, בריהוט, במכשירי חשמל חדשים וחדישים, וכל זה כמובן בלי לדבר על הרכישה של הדירה עצמה, שיכולה לעלות לנו מיליוני שקלים.</p><p>אז ברור שלא מדובר בתהליך שאפשר לבצע כל שנה או אפילו מדי כמה שנים, לכן עולה האפשרות להרגיש את ההתחדשות הזאת גם בלי לעבור לדירה חדשה. איך עושים את זה? ננסה להבין יחד.</p><p><strong>&nbsp;</strong></p>', NULL, 1, NULL, 'uploads/addss_images/1663476919_6326a4b77dc25.jpg', 'active', 0, 0, 0, 0, NULL, '2022-09-18 07:55:19', '2022-09-18 07:55:19', '', '', '', '', '', '', '', '', 34.8912713, 32.4384186, '', 0, 0),
(23, 'ממכירת נכס דרך סגירת משכנתא ועד מחזור', 'mmkyrt-nks-drk-sgyrt-mshknta-vd-mkhzvr', 4, 21, NULL, 3, 800.00, '<h3>אין הערכות! מסתכלים לנתונים בעיניים.</h3><p>לפני שמתחילים בתהליך מכירת הנכס וכדי לא לבזבז זמן מיותר, חשוב להיצמד לנתונים ואפילו להיעזר בבעל מקצוע. הנתון החשוב מכל הוא כמובן – שווי הנכס שלנו בשוק. לעיתים הרגש שלנו עלול לתעתע בנו כי אולי בבית הזה גידלנו את הילדים שלנו ובבית הזה יש חוויות רבות, לכן צריך בעל מקצוע שיסנן את הרגשות האלו וייתן את הערכת שווי הדירה שלנו כפי שהיא באמת.</p><p>בעל המקצוע ייקח בחשבון את יתר הפרמטרים כמו, אזור מבוקש או לא, קרוב למרכז קניות ותחבורה ציבורית, קרוב לים, בניין מתוחזק, קומת הדירה, האם יש מעלית או אין מעלית, חניה רשומה בטאבו, מצב הדירה ועוד. כל אלו משפיעים ישירות על שווי מכירת הנכס שאנחנו מעוניינים למכור.</p>', NULL, 1, NULL, 'uploads/addss_images/1663477041_6326a5319a774.jpg', 'active', 0, 0, 1, 0, NULL, '2022-09-18 07:57:21', '2022-09-18 12:27:47', '', '', '', '', '', '', '', '', 34.774635, 32.08164, '', 0, 0),
(24, 'אילו אזורים חדשים בארץ מציעים דירות במחיר משתלם?', 'aylv-azvrym-khdshym-barts-mtsyym-dyrvt-bmkhyr-mshtlm', 4, 21, NULL, 3, 2000.00, '<p><strong>חריש: שכונות מושלמות למשפחות ולזוגות צעירים</strong></p><p>הביקוש הגבוה לו זכה היישוב העירוני חריש על־ידי זוגות צעירים ומשפחות שעברו אליו, הובילו את המתכננים להופכה לעיר עד סוף 2019. האוכלוסייה במקום עלתה ב־79% והיא ממשיכה לצמוח ולהתפתח. מה הופך את המקום לפנינת חמד של ממש? בנייה חדשה ומתוכננת היטב של שכונות אורבניות המשמשות כקהילה עם אווירה של קיבוץ עירוני.</p><p>מלבד זאת המקום מציע שפע של מקומות עבודות בזכות קרבתו הרבה לפארקי התעשייה בעמק חפר, קיסריה ושח\"ק. העיר ממשיכה להתרחב דרומה ושטחי מסחר חדשים נבנים בה ומרחיבים את היצע מקומות התעסוקה ברחבי היישוב. מלבד זאת יש במקום גם מגוון מקומות בילוי, הסעדה ומוסדות חינוך מקומיים החל מגנים ומועדוניות ועד לבתי־ספר מקומיים המשרתים את הקהילה התוססת במקום.</p><p>היתרונות של היישוב לא מסתכמים כאן. היות והשכונות החדשות מציעות מגוון רחב של פרויקטים חדשים ותנופת הבנייה שם לא נפסקת בשנה האחרונה, מחירי הנכסים עדיין סבירים. ניתן לרכוש דירה מרווחת ברבע מחיר &nbsp;מדירה קטנה באזור המרכז. על איכות חיים כזו הזוגות הצעירים אינם מוכנים לוותר והם יוצרים ביקוש עצום. כיום, עדיין אפשר למצוא <a href=\"https://www.betzavta.co.il/\">דירות למכירה בחריש</a> במחיר אטרקטיבי, לפני שגם יישוב זה יחווה עליית מחירים מהירה כפי שאנו עדים לה &nbsp;ברחבי הארץ.</p>', NULL, 1, NULL, 'uploads/addss_images/1663477120_6326a580e3a34.jpg', 'active', 0, 0, 0, 0, NULL, '2022-09-18 07:58:40', '2022-09-18 07:58:41', '', '', '', '', '', '', '', '', 34.774635, 32.08164, '', 0, 0),
(25, '5 סימני אזהרה בקניית דירה יד שניה', '5-symny-azhrh-bqnyyt-dyrh-yd-shnyh', 8, 21, NULL, 3, 5500.00, '<p><strong>רכישה של דירה יד שניה היא עסקת מקרקעין בהיקף כלכלי גבוה. על כן מי שמציג עצמו כבעל יפוי כח של בעל הזכות לבצע את המכירה חייב להחזיק בידו יפוי כח נוטריוני ולא יפוי כח רגיל, או אם בעל הזכות תושב חוץ ייפוי כח קונסולרי (אלא אם מיופה הכח הוא עורך דין). אם מי שמציג את עצמו בעסקה כמוכר אינו בעל הזכות הרשומה, זהו סימן אזהרה. באילו מצבים תוכלו להתקל בכך?</strong></p><ul><li><strong>זיוף זהות</strong> - סיטואציה קלאסית של זיוף תעודת זהות ומכירת נכס כשהבעלים האמיתי לא מודע. וכדי להתגבר על מכשול זה בדקו את תעודת הזהות שהמוכר מציג לכם והאם התמונה בה תואמת מציאות של מי שעומד מולכם. תבררו האם עורך הדין של המוכר מכיר היכרות אישית את המוכר, בדקו ותבררו על המוכר אצל השכנים שבסביבת הדירה שברצונכם לרכוש וגם קראו עליהם ברשתות חברתיות. לא תאמינו כמה רשתות חברתיות יכולות לגלות לכם עם מי אתם עומדים לבצע עסקה.</li><li><strong>יורש בעל זכות בדירה</strong> - סיטואציה נוספת היא שמי שמציג עצמו כמוכר טוען שהוא יורש שזכאי להירשם עפ\"י צו קיום צוואה או צו ירושה של הבעלים הרשומים. במקרה כאמור בקשו מסמכים לאמת טענותיו, וודאו כי כל היורשים מעוניינים בהליך המכירה ומסכימים לתנאים וכמובן תתנו את מתן התשלום הראשון בידי היורשים רק לאחר שהם נרשמו כבעלי הזכות ולטובתכם נרשמה הערת אזהרה.</li><li><strong>מוכר בנכס ללא הסכם שיתוף</strong> - סיטואציה אחרונה שיכולה להכנס תחת סימן אזהרה זה כשהמוכר רשום כבעל הזכות אך הוא רשום באותה החלקה עם בעלי זכויות נוספים ואין ביניהם הסכם שיתוף המגדיר את המערכת המשפטית ביניהם. המשמעות היא שבאותה החלקה יש מספר בעלים (בעגה המשפטית מכונה מוש\"ע) ולמעשה לכל אחד מהבעלים זכויות בכל גרגיר וגרגיר בחלקה ללא הבחנה. בסיטואציה כזו המוכר נדרש להסכמת כל בעלי הזכות כדי למכור את הדירה.</li></ul><p>&nbsp;</p>', NULL, 1, NULL, 'uploads/addss_images/1663477212_6326a5dc6d150.jpg', 'active', 0, 0, 3, 0, NULL, '2022-09-18 08:00:12', '2022-09-18 12:06:39', '', '', '', '', '', '', '', '', 34.774635, 32.08164, '', 0, 1),
(26, '5 אזהרה בקניית דירה יד שניה', '5-azhrh-bqnyyt-dyrh-yd-shnyh', 15, 21, NULL, 3, 500.00, 'רכישה של דירה יד שניה היא עסקת מקרקעין בהיקף כלכלי גבוה. על כן מי שמציג עצמו כבעל יפוי כח של בעל הזכות לבצע את המכירה חייב להחזיק בידו יפוי כח נוטריוני ולא יפוי כח רגיל, או אם בעל הזכות תושב חוץ ייפוי כח קונסולרי (אלא אם מיופה הכח הוא עורך דין). אם מי שמציג את עצמו בעסקה כמוכר אינו בעל הזכות הרשומה, זהו סימן אזהרה. באילו מצבים תוכלו להתקל בכך?\r\n\r\nזיוף זהות - סיטואציה קלאסית של זיוף תעודת זהות ומכירת נכס כשהבעלים האמיתי לא מודע. וכדי להתגבר על מכשול זה בדקו את תעודת הזהות שהמוכר מציג לכם והאם התמונה בה תואמת מציאות של מי שעומד מולכם. תבררו האם עורך הדין של המוכר מכיר היכרות אישית את המוכר, בדקו ותבררו על המוכר אצל השכנים שבסביבת הדירה שברצונכם לרכוש וגם קראו עליהם ברשתות חברתיות. לא תאמינו כמה רשתות חברתיות יכולות לגלות לכם עם מי אתם עומדים לבצע עסקה.\r\nיורש בעל זכות בדירה - סיטואציה נוספת היא שמי שמציג עצמו כמוכר טוען שהוא יורש שזכאי להירשם עפ\"י צו קיום צוואה או צו ירושה של הבעלים הרשומים. במקרה כאמור בקשו מסמכים לאמת טענותיו, וודאו כי כל היורשים מעוניינים בהליך המכירה ומסכימים לתנאים וכמובן תתנו את מתן התשלום הראשון בידי היורשים רק לאחר שהם נרשמו כבעלי הזכות ולטובתכם נרשמה הערת אזהרה.\r\nמוכר בנכס ללא הסכם שיתוף - סיטואציה אחרונה שיכולה להכנס תחת סימן אזהרה זה כשהמוכר רשום כבעל הזכות אך הוא רשום באותה החלקה עם בעלי זכויות נוספים ואין ביניהם הסכם שיתוף המגדיר את המערכת המשפטית ביניהם. המשמעות היא שבאותה החלקה יש מספר בעלים (בעגה המשפטית מכונה מוש\"ע) ולמעשה לכל אחד מהבעלים זכויות בכל גרגיר וגרגיר בחלקה ללא הבחנה. בסיטואציה כזו המוכר נדרש להסכמת כל בעלי הזכות כדי למכור את הדירה.', '01791693954', 0, NULL, 'uploads/addss_image/1663478684_6326ab9cdd5f2.jpg', 'active', 1, 0, 2, 0, NULL, '2022-09-18 08:24:44', '2022-09-18 12:07:06', 'south-district-israel', '', '', '', '', '', 'South District', 'Israel', 34.906082812499996, 31.027478606413826, '', 0, 1),
(27, 'מיקרופון למחשב – כיצד מומלץ?', 'myqrvpvn-lmkhshb-kytsd-mvmlts', 15, 21, NULL, 3, 500.00, '<p>מהו השימוש העיקרי שלכם במיקרופון? כמובן שהצעד הראשון והמתבקש ביותר בדרך לבחירת מיקרופון למחשב צריך להיות הגדרת הצרכים שלכם מאביזר זה, או במילים פשוטות יותר – עבור מה בעיקר אתם משתמשים במיקרופון של המחשב? דוגמה אחת פשוטה לאופן בו שאלה זו יכולה לפתור לכם את ההתלבטות בנוגע לבחירת מיקרופון היא המקרה של גיימרים למיניהם – אנשים רבים, ובעיקר בני נוער וצעירים למיניהם, משחקים כיום במגוון משחקים משוכללים מסוגים שונים, כולל כאלו הכוללים קו תקשורת פתוח עם שחקנים נוספים באותו משחק, בדרך כלל אנשים הנמצאים בעיר או מדינה אחרת לחלוטין. עבור כל מי שמשתמש במיקרופון וציוד הגברה למחשב למטרת המשחק, מיקרופון גיימינג הוא כמובן סוג האביזר ממנו כדאי להתחיל את החיפוש. גם בתוך קטגוריה זו, של מיקרופון גיימינג, תמצאו כמובן דגמים ומוצרים רבים ושונים, אך עצם הבחירה בקטגוריה הנכונה כבר מצמצמת עבורנו משמעותית את האפשרויות.</p>', '01791693954', 0, NULL, 'uploads/addss_image/1663478825_6326ac29cb4aa.jpg', 'active', 0, 0, 1, 0, NULL, '2022-09-18 08:27:05', '2022-09-18 12:06:52', 'south-district-israel', '', '', '', '', '', 'South District', 'Israel', 34.928055468749996, 31.008647932808675, '', 1, 0),
(28, '4 דברים שחשוב לבדוק לפני קניית האמבטיה החדשה', '4-dbrym-shkhshvb-lbdvq-lpny-qnyyt-hambtyh-hkhdshh', 15, 21, NULL, 3, 450.00, '<p>סוג החומר ממנו תהיה עשויה האמבטיה אמבטיות יכולות להיראות אותו דבר מבחינה חיצונית, אך למעשה כל אחת מהן יכולה להיות עשויה מחומר אחר לגמרי. לכן, חשוב כי תכירו לעומק את כל סוגי החומרים ותבדקו מה הכי מתאים לכם מבחינת תחזוקה ואופי המשתמשים. מבין סוגי החומרים הנפוצים ניתן לציין את הבאים: אמבטיות בציפוי אמייל - אלו אמבטיות שעד לשנים האחרונות היו הנפוצות ביותר בבתי ישראל. הן עשויות מפח או ברזל שמצופים בשכבת אמייל. היתרון באמבטיות שכאלו הוא שהן זולות יחסית וניתנות לחידוש כאשר שכבת האמייל נפגעת. החיסרון הוא שאם לא מתחזקים אותן כראוי, המים מתחילים עם הזמן ליצור חלודה בשכבה שמתחת לאמייל ולמעשה הורסים את האמבטיה. אמבטיות אקריליות - אמבטיות אלו עשויות מפולימר אקרילי מיוחד שעבר יציקה אל תוך תבנית בגודל ובצורה הרצויים. מדובר באמבטיות קלות משקל אשר אינן מחלידות לעולם. אמבטיות שיש - אם אתם מחפשים אמבטיות מעוצבות מיוחדות במינן, זוהי הבחירה המומלצת עבורכם. אמבטיות אלו נחשבות ליוקרתיות ביותר והן אף ידועות בחוזקן הרב ובעיכוב היווצרות חיידקים על גביהן.</p>', '01791693954', 0, NULL, 'uploads/addss_image/1663478910_6326ac7e4c85d.jpg', 'active', 0, 0, 0, 0, NULL, '2022-09-18 08:28:30', '2022-09-18 08:32:40', 'south-district-israel', '', '', '', '', '', 'South District', 'Israel', 35.037918749999996, 31.20618419146287, '', 0, 0),
(29, 'מיקרופון למחשב – כיצד מומלץ', 'myqrvpvn-lmkhshb-kytsd-mvmlts', 15, 21, NULL, 3, 1200.00, 'מהו השימוש העיקרי שלכם במיקרופון?\r\n\r\nכמובן שהצעד הראשון והמתבקש ביותר בדרך לבחירת מיקרופון למחשב צריך להיות הגדרת הצרכים שלכם מאביזר זה, או במילים פשוטות יותר – עבור מה בעיקר אתם משתמשים במיקרופון של המחשב?\r\n\r\nדוגמה אחת פשוטה לאופן בו שאלה זו יכולה לפתור לכם את ההתלבטות בנוגע לבחירת מיקרופון היא המקרה של גיימרים למיניהם – אנשים רבים, ובעיקר בני נוער וצעירים למיניהם, משחקים כיום במגוון משחקים משוכללים מסוגים שונים, כולל כאלו הכוללים קו תקשורת פתוח עם שחקנים נוספים באותו משחק, בדרך כלל אנשים הנמצאים בעיר או מדינה אחרת לחלוטין. עבור כל מי שמשתמש במיקרופון וציוד הגברה למחשב למטרת המשחק, מיקרופון גיימינג הוא כמובן סוג האביזר ממנו כדאי להתחיל את החיפוש. גם בתוך קטגוריה זו, של מיקרופון גיימינג, תמצאו כמובן דגמים ומוצרים רבים ושונים, אך עצם הבחירה בקטגוריה הנכונה כבר מצמצמת עבורנו משמעותית את האפשרויות.', '01791693956', 0, NULL, 'uploads/addss_image/1663479333_6326ae25dd731.jpg', 'active', 1, 0, 0, 0, NULL, '2022-09-18 08:35:33', '2022-09-18 08:35:34', 'south-district-israel', '', '', '', '', '', 'South District', 'Israel', 34.862137499999996, 30.999231200686683, '', 0, 0),
(30, 'קניית האמבטיה החדשה שלכם', 'qnyyt-hambtyh-hkhdshh-shlkm', 15, 21, NULL, 3, 450.00, 'סוג החומר ממנו תהיה עשויה האמבטיה\r\n\r\nאמבטיות יכולות להיראות אותו דבר מבחינה חיצונית, אך למעשה כל אחת מהן יכולה להיות עשויה מחומר אחר לגמרי. לכן, חשוב כי תכירו לעומק את כל סוגי החומרים ותבדקו מה הכי מתאים לכם מבחינת תחזוקה ואופי המשתמשים. מבין סוגי החומרים הנפוצים ניתן לציין את הבאים:\r\n\r\nאמבטיות בציפוי אמייל - אלו אמבטיות שעד לשנים האחרונות היו הנפוצות ביותר בבתי ישראל. הן עשויות מפח או ברזל שמצופים בשכבת אמייל. היתרון באמבטיות שכאלו הוא שהן זולות יחסית וניתנות לחידוש כאשר שכבת האמייל נפגעת. החיסרון הוא שאם לא מתחזקים אותן כראוי, המים מתחילים עם הזמן ליצור חלודה בשכבה שמתחת לאמייל ולמעשה הורסים את האמבטיה.\r\nאמבטיות אקריליות - אמבטיות אלו עשויות מפולימר אקרילי מיוחד שעבר יציקה אל תוך תבנית בגודל ובצורה הרצויים. מדובר באמבטיות קלות משקל אשר אינן מחלידות לעולם.\r\nאמבטיות שיש - אם אתם מחפשים אמבטיות מעוצבות מיוחדות במינן, זוהי הבחירה המומלצת עבורכם. אמבטיות אלו נחשבות ליוקרתיות ביותר והן אף ידועות בחוזקן הרב ובעיכוב היווצרות חיידקים על גביהן.', '01791693954', 0, NULL, 'uploads/addss_image/1663479429_6326ae854b2a4.jpg', 'active', 1, 0, 2, 0, NULL, '2022-09-18 08:37:09', '2022-09-18 12:09:18', 'south-district-israel', '', '', '', '', '', 'South District', 'Israel', 34.906082812499996, 31.046305558085187, '', 0, 0),
(31, 'חדשה בלי לעבור דירה', 'khdshh-bly-lbvr-dyrh', 15, 21, NULL, 3, 1500.00, 'להרגיש התחדשות בלי לעבור דירה\r\n\r\nאם יצא לכם לעבור דירה לדירה חדשה לחלוטין בחייכם, אתם בוודאי יודעים שמדובר בתחושה יוצאת מן הכלל. עם זאת, מעבר דירה דורש מאיתנו הוצאות עצומות, וכאשר אנחנו צריכים לבצע את התהליך הזה עלינו להשקיע באיכות החיים שלנו ובהתחדשות.\r\n\r\nאנחנו משקיעים בעיצוב, בריהוט, במכשירי חשמל חדשים וחדישים, וכל זה כמובן בלי לדבר על הרכישה של הדירה עצמה, שיכולה לעלות לנו מיליוני שקלים.\r\n\r\nאז ברור שלא מדובר בתהליך שאפשר לבצע כל שנה או אפילו מדי כמה שנים, לכן עולה האפשרות להרגיש את ההתחדשות הזאת גם בלי לעבור לדירה חדשה. איך עושים את זה? ננסה להבין יחד.', '01791693954', 0, NULL, 'uploads/addss_image/1663479520_6326aee07f2b2.jpg', 'active', 1, 0, 2, 0, NULL, '2022-09-18 08:38:40', '2022-09-18 09:58:45', 'south-district-israel', '', '', '', '', '', 'South District', 'Israel', 34.939041796874996, 30.989813538568367, '', 0, 0),
(32, 'מדידות בתים מקצועיות לעומת מדידות עצמאיות', 'mdydvt-btym-mqtsvyvt-lvmt-mdydvt-tsmayvt', 15, 21, NULL, 3, 1500.00, 'מדוע אי אפשר להסתמך על תוכניות מבנה קיימות \r\nאחת השאלות הנפוצות של בעלי דירות שמעוניינים לשפץ היא מדוע צריך בכלל תוכניות מדידת שטח דירה או למה אי אפשר להסתפק בתוכניות הבניין המקוריות. נתחיל דווקא מהנקודה השנייה והיא שלא תמיד ישנן תוכניות בניין מקוריות זמינות וגם אלו שקיימות לא תמיד תואמות את מה שקיים בפועל. לא פעם אדריכל תכנן תוכנית אך בעלי המקצוע השונים הוציאו אותה לפועל בצורה שונה מעט. כתוצאה מכך המרחקים לא תואמים, השקעים לא תמיד באותו מקום כפי שהם מסומנים וישנם פערים נוספים.\r\n\r\nלשאלה מדוע יש צורך בתוכנית מדידה התשובה פשוטה. תכנון ללא הבנה של המצב הקיים הוא תכנון \"באוויר\". הוא יכול להיראות יפה אבל הוא יהיה מלא בניחושים, מה שבפועל יוביל לא פעם לשינויים תוך כדי שיפוץ, להחלפת פריטים ולעבודה ארוכה ויקרה יותר. כל אדריכל ומעצב פנים ירצה לראות את תוכניות המבנה לפני שיתחיל לתכנן את השינוי הצפוי.', '01791693954', 0, NULL, 'uploads/addss_image/1663479859_6326b0330e685.jpg', 'active', 1, 0, 2, 0, NULL, '2022-09-18 08:44:19', '2022-09-18 12:27:40', 'south-district-israel', '', '', '', '', '', 'South District', 'Israel', 34.950028124999996, 30.942711283727807, '', 0, 0),
(33, 'My Phone', 'my-phone', 12, 14, 4, 3, 120.00, 'I need emergency money so I am making friends with box no charger will be given photocopy of ID card as security will be given in mobile now I am not able to hand down 4gb rom 64gb I need emergency money so I am making friends with box no charger will be given photocopy of ID card as security will be given in mobile now I am not able to hand down 4gb rom 64gb I need emergency money so I am making friends with box no charger will be given photocopy of ID card as security will be given in mobile now I am not able to hand down 4gb rom 64gb I need emergency money so I am making friends with box no charger will be given photocopy of ID card as security will be given in mobile now I am not able to hand down 4gb rom 64gb', '01750899448', 1, NULL, 'uploads/addss_image/1663492579_6326e1e309e47.jpg', 'active', 0, 0, 3, 0, NULL, '2022-09-18 12:14:53', '2022-09-18 12:18:54', '', '', '', '', '', '', '', '', 90.4125181, 23.810332, NULL, 0, 0),
(34, 'כל הכיף לישון במיטה מעוצבת ונוחה', 'kl-hkyp-lyshvn-bmyth-mvtsbt-vnvkhh', 4, 21, NULL, 3, 220.00, '<p><strong>השימוש והעיצוב של מיטה מרופדת</strong></p><p>מיטות מרופדות נחשבו עד לעת האחרונה כפריט יוקרתי, אך כיום ניתן להשיגן גם במחיר משתלם שאינו רחוק ממחירה של מיטה מעוצבת רגילה. אחת הסיבות לתג המחיר שהיה גבוה הוא השילוב מחומר רך יותר המשרה אווירה נינוחה וביתית בחדר, ונעים למגע.</p><p>האפשרות להוסיף גוון אחיד לחדר, ללא תלות בצבע הסדין על המיטה, מאפשר להשתמש בגוונים סולידיים מאד על המיטה עצמה (כמו: לבן, שחור או אפור) ועדיין להתאים את צבעי הקונספט למיטה זו. הגוונים שאפשר לבחור מהם וטקסטורות הבד כמעט אין סופיות. כיום, ניתן להשתמש במגוון רחב של בדים שונים – חלקם אפילו דמוי עור, כדי להעניק מראה מהוקצע לחדר השינה.</p>', NULL, 1, NULL, 'uploads/addss_images/1663494339_6326e8c3f169a.jpg', 'active', 0, 0, 0, 0, NULL, '2022-09-18 12:45:36', '2022-09-18 12:45:40', '', '', '', '', '', '', '', '', 35.2056087, 31.7631867, '', 0, 0);

-- --------------------------------------------------------

--
-- Table structure for table `ad_features`
--

CREATE TABLE `ad_features` (
  `id` bigint(20) UNSIGNED NOT NULL,
  `ad_id` bigint(20) UNSIGNED NOT NULL,
  `name` varchar(255) COLLATE utf8mb4_unicode_ci DEFAULT NULL,
  `created_at` timestamp NULL DEFAULT NULL,
  `updated_at` timestamp NULL DEFAULT NULL
) ENGINE=InnoDB DEFAULT CHARSET=utf8mb4 COLLATE=utf8mb4_unicode_ci;

-- --------------------------------------------------------

--
-- Table structure for table `ad_galleries`
--

CREATE TABLE `ad_galleries` (
  `id` bigint(20) UNSIGNED NOT NULL,
  `ad_id` int(11) NOT NULL,
  `image` varchar(255) COLLATE utf8mb4_unicode_ci NOT NULL,
  `created_at` timestamp NULL DEFAULT NULL,
  `updated_at` timestamp NULL DEFAULT NULL
) ENGINE=InnoDB DEFAULT CHARSET=utf8mb4 COLLATE=utf8mb4_unicode_ci;

--
-- Dumping data for table `ad_galleries`
--

INSERT INTO `ad_galleries` (`id`, `ad_id`, `image`, `created_at`, `updated_at`) VALUES
(1, 1, 'uploads/adds_multiple/1662624990_6319a4de99ad3.jpg', '2022-09-08 11:16:30', '2022-09-08 11:16:30'),
(2, 1, 'uploads/adds_multiple/1662624990_6319a4dec16cd.jpg', '2022-09-08 11:16:30', '2022-09-08 11:16:30'),
(3, 2, 'uploads/adds_multiple/1662625566_6319a71ec250e.jpg', '2022-09-08 11:26:06', '2022-09-08 11:26:06'),
(4, 2, 'uploads/adds_multiple/1662625566_6319a71ee3886.jpg', '2022-09-08 11:26:06', '2022-09-08 11:26:06'),
(5, 3, 'uploads/adds_multiple/1662625687_6319a79712939.jpg', '2022-09-08 11:28:07', '2022-09-08 11:28:07'),
(6, 3, 'uploads/adds_multiple/1662625687_6319a79735c84.jpg', '2022-09-08 11:28:07', '2022-09-08 11:28:07'),
(7, 7, 'uploads/adds_multiple/1662888617_631daaa91b852.png', '2022-09-11 12:30:17', '2022-09-11 12:30:17'),
(8, 7, 'uploads/adds_multiple/1662888617_631daaa94d558.jpg', '2022-09-11 12:30:17', '2022-09-11 12:30:17'),
(9, 8, 'uploads/adds_multiple/1662889634_631daea22b20c.jpg', '2022-09-11 12:47:14', '2022-09-11 12:47:14'),
(10, 8, 'uploads/adds_multiple/1662889634_631daea25028f.jpg', '2022-09-11 12:47:14', '2022-09-11 12:47:14'),
(11, 9, 'uploads/adds_multiple/1662890358_631db176c8876.jpg', '2022-09-11 12:59:18', '2022-09-11 12:59:18'),
(12, 9, 'uploads/adds_multiple/1662890358_631db176e99e7.jpg', '2022-09-11 12:59:19', '2022-09-11 12:59:19'),
(13, 11, 'uploads/adds_multiple/1662893404_631dbd5cc85dd.jpg', '2022-09-11 13:50:04', '2022-09-11 13:50:04'),
(14, 11, 'uploads/adds_multiple/1662893404_631dbd5cef40d.jpg', '2022-09-11 13:50:05', '2022-09-11 13:50:05'),
(15, 12, 'uploads/adds_multiple/1662980039_631f0fc775811.jpg', '2022-09-12 13:53:59', '2022-09-12 13:53:59'),
(16, 12, 'uploads/adds_multiple/1662980039_631f0fc78fd98.jpg', '2022-09-12 13:53:59', '2022-09-12 13:53:59'),
(17, 12, 'uploads/adds_multiple/1662980039_631f0fc7a1165.jpg', '2022-09-12 13:53:59', '2022-09-12 13:53:59'),
(18, 13, 'uploads/adds_multiple/1663142916_63218c04c8baf.jpg', '2022-09-14 11:08:36', '2022-09-14 11:08:36'),
(19, 13, 'uploads/adds_multiple/1663142916_63218c04e6e74.jpg', '2022-09-14 11:08:37', '2022-09-14 11:08:37'),
(20, 14, 'uploads/adds_multiple/1663429518_6325eb8e50715.png', '2022-09-17 18:45:19', '2022-09-17 18:45:19'),
(21, 14, 'uploads/adds_multiple/1663429519_6325eb8fde164.jpg', '2022-09-17 18:45:19', '2022-09-17 18:45:19'),
(22, 15, 'uploads/adds_multiple/1663472887_632694f75da5f.jpg', '2022-09-18 06:48:07', '2022-09-18 06:48:07'),
(23, 15, 'uploads/adds_multiple/1663472887_632694f77302f.jpg', '2022-09-18 06:48:09', '2022-09-18 06:48:09'),
(24, 25, 'uploads/addss_multiple/1663477226_6326a5ea684c1.jpg', '2022-09-18 08:00:26', '2022-09-18 08:00:26'),
(25, 24, 'uploads/addss_multiple/1663477248_6326a60003023.jpg', '2022-09-18 08:00:48', '2022-09-18 08:00:48'),
(26, 23, 'uploads/addss_multiple/1663477260_6326a60c7a0b3.jpg', '2022-09-18 08:01:00', '2022-09-18 08:01:00'),
(27, 22, 'uploads/addss_multiple/1663477284_6326a6248b8eb.jpg', '2022-09-18 08:01:24', '2022-09-18 08:01:24'),
(28, 21, 'uploads/addss_multiple/1663477299_6326a63377e74.jpg', '2022-09-18 08:01:39', '2022-09-18 08:01:39'),
(29, 20, 'uploads/addss_multiple/1663477319_6326a64737fce.jpg', '2022-09-18 08:01:59', '2022-09-18 08:01:59'),
(30, 19, 'uploads/addss_multiple/1663477334_6326a656e0436.jpg', '2022-09-18 08:02:14', '2022-09-18 08:02:14'),
(31, 18, 'uploads/addss_multiple/1663477351_6326a66703358.jpg', '2022-09-18 08:02:31', '2022-09-18 08:02:31'),
(32, 17, 'uploads/addss_multiple/1663477361_6326a6714cd92.jpg', '2022-09-18 08:02:41', '2022-09-18 08:02:41'),
(33, 16, 'uploads/addss_multiple/1663477375_6326a67fd52c1.jpg', '2022-09-18 08:02:55', '2022-09-18 08:02:55'),
(34, 26, 'uploads/adds_multiple/1663478685_6326ab9d38104.jpg', '2022-09-18 08:24:45', '2022-09-18 08:24:45'),
(35, 26, 'uploads/adds_multiple/1663478685_6326ab9d54c37.jpg', '2022-09-18 08:24:45', '2022-09-18 08:24:45'),
(36, 27, 'uploads/adds_multiple/1663478826_6326ac2a0afdb.jpg', '2022-09-18 08:27:06', '2022-09-18 08:27:06'),
(37, 27, 'uploads/adds_multiple/1663478826_6326ac2a1f569.jpg', '2022-09-18 08:27:06', '2022-09-18 08:27:06'),
(38, 28, 'uploads/adds_multiple/1663478910_6326ac7e6662d.jpg', '2022-09-18 08:28:30', '2022-09-18 08:28:30'),
(39, 28, 'uploads/adds_multiple/1663478910_6326ac7e7db8a.jpg', '2022-09-18 08:28:30', '2022-09-18 08:28:30'),
(40, 29, 'uploads/adds_multiple/1663479334_6326ae261d820.jpg', '2022-09-18 08:35:34', '2022-09-18 08:35:34'),
(41, 29, 'uploads/adds_multiple/1663479334_6326ae263039a.jpg', '2022-09-18 08:35:34', '2022-09-18 08:35:34'),
(42, 30, 'uploads/adds_multiple/1663479429_6326ae8563878.jpg', '2022-09-18 08:37:09', '2022-09-18 08:37:09'),
(43, 30, 'uploads/adds_multiple/1663479429_6326ae8580211.jpg', '2022-09-18 08:37:09', '2022-09-18 08:37:09'),
(44, 31, 'uploads/adds_multiple/1663479520_6326aee09acbf.jpg', '2022-09-18 08:38:40', '2022-09-18 08:38:40'),
(45, 31, 'uploads/adds_multiple/1663479520_6326aee0ae965.jpg', '2022-09-18 08:38:40', '2022-09-18 08:38:40'),
(46, 32, 'uploads/adds_multiple/1663479859_6326b0333c326.jpg', '2022-09-18 08:44:19', '2022-09-18 08:44:19'),
(47, 32, 'uploads/adds_multiple/1663479859_6326b0335202e.jpg', '2022-09-18 08:44:19', '2022-09-18 08:44:19'),
(48, 33, 'uploads/adds_multiple/1663492579_6326e1e357efa.jpg', '2022-09-18 12:16:19', '2022-09-18 12:16:19'),
(49, 33, 'uploads/adds_multiple/1663492579_6326e1e380dd8.jpg', '2022-09-18 12:16:19', '2022-09-18 12:16:19');

-- --------------------------------------------------------

--
-- Table structure for table `blog_comments`
--

CREATE TABLE `blog_comments` (
  `id` bigint(20) UNSIGNED NOT NULL,
  `post_id` bigint(20) UNSIGNED NOT NULL,
  `name` varchar(255) COLLATE utf8mb4_unicode_ci DEFAULT NULL,
  `email` varchar(255) COLLATE utf8mb4_unicode_ci DEFAULT NULL,
  `body` varchar(255) COLLATE utf8mb4_unicode_ci NOT NULL,
  `image` tinyint(1) NOT NULL DEFAULT 0,
  `created_at` timestamp NULL DEFAULT NULL,
  `updated_at` timestamp NULL DEFAULT NULL
) ENGINE=InnoDB DEFAULT CHARSET=utf8mb4 COLLATE=utf8mb4_unicode_ci;

-- --------------------------------------------------------

--
-- Table structure for table `brands`
--

CREATE TABLE `brands` (
  `id` bigint(20) UNSIGNED NOT NULL,
  `name` varchar(255) COLLATE utf8mb4_unicode_ci NOT NULL,
  `slug` varchar(255) COLLATE utf8mb4_unicode_ci NOT NULL,
  `created_at` timestamp NULL DEFAULT NULL,
  `updated_at` timestamp NULL DEFAULT NULL
) ENGINE=InnoDB DEFAULT CHARSET=utf8mb4 COLLATE=utf8mb4_unicode_ci;

--
-- Dumping data for table `brands`
--

INSERT INTO `brands` (`id`, `name`, `slug`, `created_at`, `updated_at`) VALUES
(3, 'HP', 'hp', '2022-09-17 16:16:53', '2022-09-17 16:16:53');

-- --------------------------------------------------------

--
-- Table structure for table `categories`
--

CREATE TABLE `categories` (
  `id` bigint(20) UNSIGNED NOT NULL,
  `name` varchar(255) COLLATE utf8mb4_unicode_ci NOT NULL,
  `image` varchar(255) COLLATE utf8mb4_unicode_ci DEFAULT NULL,
  `slug` varchar(255) COLLATE utf8mb4_unicode_ci NOT NULL,
  `icon` longtext COLLATE utf8mb4_unicode_ci DEFAULT NULL,
  `order` int(10) UNSIGNED NOT NULL DEFAULT 0,
  `status` tinyint(1) NOT NULL DEFAULT 1,
  `created_at` timestamp NULL DEFAULT NULL,
  `updated_at` timestamp NULL DEFAULT NULL,
  `is_show_brand` int(1) NOT NULL DEFAULT 1 COMMENT '1=yes,0=no'
) ENGINE=InnoDB DEFAULT CHARSET=utf8mb4 COLLATE=utf8mb4_unicode_ci;

--
-- Dumping data for table `categories`
--

INSERT INTO `categories` (`id`, `name`, `image`, `slug`, `icon`, `order`, `status`, `created_at`, `updated_at`, `is_show_brand`) VALUES
(9, 'חכות', 'uploads/category/DTe7pNevP2YGAED1GYTqp6DJYfKcbYTnDbNyTVLD.jpg', 'khkvt', 'fas fa-audio-description', 0, 1, '2022-09-08 08:16:46', '2022-09-18 12:10:19', 0),
(10, 'רולרים', 'uploads/category/Qgd2hD4aoP10DU6MGpFxmfJ0T9Jm789aMJwBH5bo.jpg', 'רולרים', 'fas fa-audio-description', 0, 1, '2022-09-08 08:17:07', '2022-09-08 08:17:07', 1),
(11, 'חוטים', 'uploads/category/8tSghMjTgATMRhwgIEmDsLMVj4HxPucEOzFijtwT.jpg', 'חוטים', 'fas fa-audio-description', 0, 1, '2022-09-08 08:17:27', '2022-09-08 08:17:27', 1),
(12, 'דמויים', 'uploads/category/WMu5SAmbGH8Eg0sdhKn5cGbkF6K4hRlHpgQmYQGH.jpg', 'דמויים', 'fas fa-audio-description', 0, 1, '2022-09-08 08:17:47', '2022-09-08 08:17:47', 1),
(13, 'פתיונות לדייג', 'uploads/category/nSnEWz0OQFUOJ2CH9pgMUdufCcsp93FnzWiDRrxs.jpg', 'פתיונות לדייג', 'fas fa-audio-description', 0, 1, '2022-09-08 08:18:40', '2022-09-08 08:18:40', 1),
(14, 'רחפנים לדייג/אביזרים', 'uploads/category/vQMA2koJFaMCwmmzvJQXQyXFfaICHdUJRKnh2iDy.jpg', 'rkhpnym-ldyygabyzrym', 'fas fa-audio-description', 0, 1, '2022-09-08 08:18:59', '2022-09-18 12:10:33', 0),
(15, 'סירות/קיאקים/מנועים', 'uploads/category/0piVb6bXU5qz4QLF3bh7I0mejJ8S8sgoNcabLseH.jpg', 'סירות/קיאקים/מנועים', 'fas fa-audio-description', 0, 1, '2022-09-08 08:19:26', '2022-09-08 08:19:27', 1),
(16, 'אביזירים נלווים לדייג', 'uploads/category/Anw97080pJURB0rrIOiQc3W5bfwLSppIgNXISd0p.jpg', 'אביזירים נלווים לדייג', 'fas fa-audio-description', 0, 1, '2022-09-08 08:19:47', '2022-09-08 08:19:47', 1),
(17, 'סטים מוכנים לדייג', 'uploads/category/XBB7P5OFM4UC8sqNyBYV6Wt8fGTgPT0IO5cwhg9C.jpg', 'סטים מוכנים לדייג', 'fas fa-audio-description', 0, 1, '2022-09-08 08:20:23', '2022-09-08 08:20:23', 1),
(18, 'אביזירים לשטח', 'uploads/category/NGe43vuj6aft86ZEMbGbGzwU8fgjQu0YLS81EvfK.jpg', 'אביזירים לשטח', 'fas fa-audio-description', 0, 1, '2022-09-08 08:20:49', '2022-09-08 08:20:49', 1),
(19, '-בקבוקי שתיה/תרמוסים/שלוקרים', 'uploads/category/j5i51O3N8cW2RgvEOY1m0Dutdbx5sPjwfHJ4gouP.jpg', '-בקבוקי שתיה/תרמוסים/שלוקרים', 'fas fa-audio-description', 0, 1, '2022-09-08 08:21:16', '2022-09-08 08:21:16', 1),
(20, 'דג', 'uploads/category/TJK2LzeMAqDrITYDvcVVV8tbAppSDl5Vw9DQ6lEf.jpg', 'dg', 'fab fa-autoprefixer', 0, 1, '2022-09-10 09:02:31', '2022-09-10 09:02:31', 1),
(21, 'מגזין הומלס', 'uploads/category/eny2anE1AxVbGW0t9VjDHScxqlnTVIeu1AqexA5T.jpg', 'mgzyn-hvmls', 'fas fa-home', 0, 1, '2022-09-18 07:35:07', '2022-09-18 07:35:07', 1),
(22, 'טק', 'uploads/category/dYIHv4N0aPOLcebacKG1ZsJ3k0Yok7yylOp9m74u.jpg', 'tq', 'fas fa-laptop-code', 0, 1, '2022-09-18 07:51:48', '2022-09-18 07:51:48', 1);

-- --------------------------------------------------------

--
-- Table structure for table `category_custom_field`
--

CREATE TABLE `category_custom_field` (
  `id` bigint(20) UNSIGNED NOT NULL,
  `category_id` bigint(20) UNSIGNED NOT NULL,
  `custom_field_id` bigint(20) UNSIGNED NOT NULL,
  `order` int(11) NOT NULL DEFAULT 0,
  `created_at` timestamp NULL DEFAULT NULL,
  `updated_at` timestamp NULL DEFAULT NULL
) ENGINE=InnoDB DEFAULT CHARSET=utf8mb4 COLLATE=utf8mb4_unicode_ci;

--
-- Dumping data for table `category_custom_field`
--

INSERT INTO `category_custom_field` (`id`, `category_id`, `custom_field_id`, `order`, `created_at`, `updated_at`) VALUES
(1, 20, 2, 0, NULL, NULL);

-- --------------------------------------------------------

--
-- Table structure for table `cms`
--

CREATE TABLE `cms` (
  `id` bigint(20) UNSIGNED NOT NULL,
  `home_main_banner` varchar(255) COLLATE utf8mb4_unicode_ci DEFAULT NULL,
  `home_counter_background` varchar(255) COLLATE utf8mb4_unicode_ci DEFAULT NULL,
  `home_mobile_app_banner` varchar(255) COLLATE utf8mb4_unicode_ci DEFAULT NULL,
  `home_title` varchar(255) COLLATE utf8mb4_unicode_ci DEFAULT NULL,
  `home_description` varchar(255) COLLATE utf8mb4_unicode_ci DEFAULT NULL,
  `download_app` varchar(255) COLLATE utf8mb4_unicode_ci DEFAULT NULL,
  `newsletter_content` varchar(255) COLLATE utf8mb4_unicode_ci DEFAULT NULL,
  `membership_content` varchar(255) COLLATE utf8mb4_unicode_ci DEFAULT NULL,
  `create_account` varchar(255) COLLATE utf8mb4_unicode_ci DEFAULT NULL,
  `post_ads` varchar(255) COLLATE utf8mb4_unicode_ci DEFAULT NULL,
  `start_earning` varchar(255) COLLATE utf8mb4_unicode_ci DEFAULT NULL,
  `terms_background` varchar(255) COLLATE utf8mb4_unicode_ci DEFAULT NULL,
  `terms_body` text COLLATE utf8mb4_unicode_ci DEFAULT NULL,
  `about_background` varchar(255) COLLATE utf8mb4_unicode_ci DEFAULT NULL,
  `about_video_thumb` varchar(255) COLLATE utf8mb4_unicode_ci DEFAULT NULL,
  `about_body` text COLLATE utf8mb4_unicode_ci DEFAULT NULL,
  `privacy_background` varchar(255) COLLATE utf8mb4_unicode_ci DEFAULT NULL,
  `privacy_body` text COLLATE utf8mb4_unicode_ci DEFAULT NULL,
  `contact_background` varchar(255) COLLATE utf8mb4_unicode_ci DEFAULT NULL,
  `contact_number` varchar(255) COLLATE utf8mb4_unicode_ci DEFAULT NULL,
  `contact_email` varchar(255) COLLATE utf8mb4_unicode_ci DEFAULT NULL,
  `contact_address` varchar(255) COLLATE utf8mb4_unicode_ci DEFAULT NULL,
  `get_membership_background` varchar(255) COLLATE utf8mb4_unicode_ci DEFAULT NULL,
  `get_membership_image` varchar(255) COLLATE utf8mb4_unicode_ci DEFAULT NULL,
  `pricing_plan_background` varchar(255) COLLATE utf8mb4_unicode_ci DEFAULT NULL,
  `faq_background` varchar(255) COLLATE utf8mb4_unicode_ci DEFAULT NULL,
  `faq_content` varchar(255) COLLATE utf8mb4_unicode_ci DEFAULT NULL,
  `manage_ads_content` varchar(255) COLLATE utf8mb4_unicode_ci DEFAULT NULL,
  `chat_content` varchar(255) COLLATE utf8mb4_unicode_ci DEFAULT NULL,
  `verified_user_content` varchar(255) COLLATE utf8mb4_unicode_ci DEFAULT NULL,
  `dashboard_overview_background` varchar(255) COLLATE utf8mb4_unicode_ci DEFAULT NULL,
  `dashboard_post_ads_background` varchar(255) COLLATE utf8mb4_unicode_ci DEFAULT NULL,
  `dashboard_my_ads_background` varchar(255) COLLATE utf8mb4_unicode_ci DEFAULT NULL,
  `dashboard_plan_background` varchar(255) COLLATE utf8mb4_unicode_ci DEFAULT NULL,
  `dashboard_account_setting_background` varchar(255) COLLATE utf8mb4_unicode_ci DEFAULT NULL,
  `dashboard_favorite_ads_background` varchar(255) COLLATE utf8mb4_unicode_ci DEFAULT NULL,
  `dashboard_messenger_background` varchar(255) COLLATE utf8mb4_unicode_ci DEFAULT NULL,
  `posting_rules_background` varchar(255) COLLATE utf8mb4_unicode_ci DEFAULT NULL,
  `posting_rules_body` text COLLATE utf8mb4_unicode_ci DEFAULT NULL,
  `blog_background` varchar(255) COLLATE utf8mb4_unicode_ci DEFAULT NULL,
  `ads_background` varchar(255) COLLATE utf8mb4_unicode_ci DEFAULT NULL,
  `coming_soon_title` varchar(255) COLLATE utf8mb4_unicode_ci DEFAULT NULL,
  `coming_soon_subtitle` varchar(255) COLLATE utf8mb4_unicode_ci DEFAULT NULL,
  `maintenance_title` varchar(255) COLLATE utf8mb4_unicode_ci DEFAULT NULL,
  `maintenance_subtitle` varchar(255) COLLATE utf8mb4_unicode_ci DEFAULT NULL,
  `e404_title` varchar(255) COLLATE utf8mb4_unicode_ci DEFAULT NULL,
  `e404_subtitle` varchar(255) COLLATE utf8mb4_unicode_ci DEFAULT NULL,
  `e404_image` varchar(255) COLLATE utf8mb4_unicode_ci DEFAULT NULL,
  `e500_title` varchar(255) COLLATE utf8mb4_unicode_ci DEFAULT NULL,
  `e500_subtitle` varchar(255) COLLATE utf8mb4_unicode_ci DEFAULT NULL,
  `e500_image` varchar(255) COLLATE utf8mb4_unicode_ci DEFAULT NULL,
  `e503_title` varchar(255) COLLATE utf8mb4_unicode_ci DEFAULT NULL,
  `e503_subtitle` varchar(255) COLLATE utf8mb4_unicode_ci DEFAULT NULL,
  `e503_image` varchar(255) COLLATE utf8mb4_unicode_ci DEFAULT NULL,
  `created_at` timestamp NULL DEFAULT NULL,
  `updated_at` timestamp NULL DEFAULT NULL
) ENGINE=InnoDB DEFAULT CHARSET=utf8mb4 COLLATE=utf8mb4_unicode_ci;

--
-- Dumping data for table `cms`
--

INSERT INTO `cms` (`id`, `home_main_banner`, `home_counter_background`, `home_mobile_app_banner`, `home_title`, `home_description`, `download_app`, `newsletter_content`, `membership_content`, `create_account`, `post_ads`, `start_earning`, `terms_background`, `terms_body`, `about_background`, `about_video_thumb`, `about_body`, `privacy_background`, `privacy_body`, `contact_background`, `contact_number`, `contact_email`, `contact_address`, `get_membership_background`, `get_membership_image`, `pricing_plan_background`, `faq_background`, `faq_content`, `manage_ads_content`, `chat_content`, `verified_user_content`, `dashboard_overview_background`, `dashboard_post_ads_background`, `dashboard_my_ads_background`, `dashboard_plan_background`, `dashboard_account_setting_background`, `dashboard_favorite_ads_background`, `dashboard_messenger_background`, `posting_rules_background`, `posting_rules_body`, `blog_background`, `ads_background`, `coming_soon_title`, `coming_soon_subtitle`, `maintenance_title`, `maintenance_subtitle`, `e404_title`, `e404_subtitle`, `e404_image`, `e500_title`, `e500_subtitle`, `e500_image`, `e503_title`, `e503_subtitle`, `e503_image`, `created_at`, `updated_at`) VALUES
(1, 'uploads/banners/KktFhIHUegKglMeeeVNqUTh1vavtQqqLMhJ1cRAb.jpg', 'uploads/banners/U8yozxP1E2o9bADmCPg4OVij6QOVr6eHd3A6WRRL.jpg', 'uploads/banners/b2Vr8mtyxYlAUkg6Cyigrq8eghGK5K07xYI068zN.png', '! דייגים בסטוק הכול במקום אחד', 'זו פלטפורמה אמינה למכור כל דבר', 'Sed Luctus Nibh At Consectetur Tempor. Proin Et Ipsum Tincidunt, Maximus Turpis Id, Mollis Lacus. Maecenas Nec Risus A Urna Sollicitudin Aliquet. Maecenas Pretium Tristique Sapien', 'Vestibulum Consectetur Placerat Tellus. Sed Faucibus Fermentum Purus, At Facilisis.', 'Vestibulum Consectetur Placerat Tellus. Sed Faucibus Fermentum Purus, At Facilisis Neque Auctor.', 'Vestibulum Ante Ipsum Primis In Faucibus Orci Luctus Et Ultrices Posuere Cubilia Curae. Donec Non Lorem Erat. Sed Vitae Vene.', 'Lorem Ipsum Dolor Sit Amet, Consectetur Adipiscing Elit. Mauris Eu Aliquet Odio. Nulla Pretium Congue Eros, Nec Rhoncus Mi.', 'Vestibulum Quis Consectetur Est. Fusce Hendrerit Neque At Facilisis Facilisis. Praesent A Pretium Elit. Nulla Aliquam Puru.', NULL, '<p>Praesent Finibus Dictum Nisl Sit Amet Vulputate. Fusce A Metus Eu Velit Posuere Semper A Bibendum Ante. Donec Eu Tellus Dapibus, Semper Orci Eget, Commodo Lacu Praesent Ullamcorper.</p>', NULL, 'https://youtu.be/s7wmiS2mSXY', 'Lorem Ipsum Dolor Sit Amet, Consectetur Adipiscing Elit. Mauris Eu Aliquet Odio. Nulla Pretium Congue Eros, Nec Rhoncus Mi.', NULL, '<p>Praesent Finibus Dictum Nisl Sit Amet Vulputate. Fusce A Metus Eu Velit Posuere Semper A Bibendum Ante. Donec Eu Tellus Dapibus, Semper Orci Eget, Commodo Lacu Praesent Ullamcorper.</p>', NULL, '+972 53-930-4675', 'support@dayagim-bastock.co.il', 'israel', NULL, NULL, NULL, NULL, 'Praesent Finibus Dictum Nisl Sit Amet Vulputate. Fusce A Metus Eu Velit Posuere Semper A Bibendum Ante. Donec Eu Tellus Dapibus, Semper Orci Eget, Commodo Lacu Praesent Ullamcorper.', 'Lorem Ipsum Dolor Sit Amet, Consectetur Adipiscing Elit. Etiam Commodo Vel Ligula.', 'Class Aptent Taciti Sociosqu Ad Litora Torquent Per Conubia Nostra, Per Inceptos Himenaeos.', 'Class Aptent Taciti Sociosqu Ad Litora Torquent Per Conubia Nostra, Per Inceptos Himenaeos.', NULL, NULL, NULL, NULL, NULL, NULL, NULL, NULL, '<p>Lorem Ipsum Dolor Sit Amet, Consectetur Adipiscing Elit. Mauris Eu Aliquet Odio. Nulla Pretium Congue Eros, Nec Rhoncus Mi<p>', NULL, NULL, NULL, NULL, NULL, NULL, 'Opps! Page Not Found!', 'Something went wrong. It\'s look like the link is broken or the page is removed.', 'frontend/images/bg/error.png', 'Internal Server Error', 'Something went wrong. It\'s look like the Internal Server has some errors.', 'frontend/default_images/error-banner.png', 'Service Unavailable', 'Something went wrong. It\'s look like the Internal Server has some errors.', 'frontend/default_images/error-banner.png', '2022-07-25 05:09:47', '2022-09-17 11:49:41');

-- --------------------------------------------------------

--
-- Table structure for table `contacts`
--

CREATE TABLE `contacts` (
  `id` bigint(20) UNSIGNED NOT NULL,
  `name` varchar(255) COLLATE utf8mb4_unicode_ci NOT NULL,
  `email` varchar(255) COLLATE utf8mb4_unicode_ci NOT NULL,
  `subject` varchar(255) COLLATE utf8mb4_unicode_ci NOT NULL,
  `message` longtext COLLATE utf8mb4_unicode_ci NOT NULL,
  `created_at` timestamp NULL DEFAULT NULL,
  `updated_at` timestamp NULL DEFAULT NULL
) ENGINE=InnoDB DEFAULT CHARSET=utf8mb4 COLLATE=utf8mb4_unicode_ci;

-- --------------------------------------------------------

--
-- Table structure for table `cookies`
--

CREATE TABLE `cookies` (
  `id` bigint(20) UNSIGNED NOT NULL,
  `allow_cookies` tinyint(1) NOT NULL DEFAULT 1,
  `cookie_name` varchar(255) COLLATE utf8mb4_unicode_ci NOT NULL DEFAULT 'gdpr_cookie',
  `cookie_expiration` tinyint(4) NOT NULL DEFAULT 30,
  `force_consent` tinyint(1) NOT NULL DEFAULT 0,
  `darkmode` tinyint(1) NOT NULL DEFAULT 0,
  `language` varchar(255) COLLATE utf8mb4_unicode_ci NOT NULL DEFAULT 'en',
  `title` varchar(255) COLLATE utf8mb4_unicode_ci NOT NULL,
  `description` text COLLATE utf8mb4_unicode_ci NOT NULL,
  `approve_button_text` varchar(255) COLLATE utf8mb4_unicode_ci NOT NULL,
  `decline_button_text` varchar(255) COLLATE utf8mb4_unicode_ci NOT NULL,
  `created_at` timestamp NULL DEFAULT NULL,
  `updated_at` timestamp NULL DEFAULT NULL
) ENGINE=InnoDB DEFAULT CHARSET=utf8mb4 COLLATE=utf8mb4_unicode_ci;

--
-- Dumping data for table `cookies`
--

INSERT INTO `cookies` (`id`, `allow_cookies`, `cookie_name`, `cookie_expiration`, `force_consent`, `darkmode`, `language`, `title`, `description`, `approve_button_text`, `decline_button_text`, `created_at`, `updated_at`) VALUES
(1, 1, 'gdpr_cookie', 30, 0, 0, 'en', 'We use cookies!', 'Hi, this website uses essential cookies to ensure its proper operation and tracking cookies to understand how you interact with it. The latter will be set only after consent. <button type=\"button\" data-cc=\"c-settings\" class=\"cc-link\">Let me choose</button>', 'Allow all Cookies', 'Reject all Cookies', '2022-07-25 05:09:47', '2022-07-25 05:09:47');

-- --------------------------------------------------------

--
-- Table structure for table `currencies`
--

CREATE TABLE `currencies` (
  `id` bigint(20) UNSIGNED NOT NULL,
  `name` varchar(255) COLLATE utf8mb4_unicode_ci DEFAULT NULL,
  `code` varchar(255) COLLATE utf8mb4_unicode_ci DEFAULT NULL,
  `symbol` varchar(255) COLLATE utf8mb4_unicode_ci DEFAULT NULL,
  `symbol_position` varchar(255) COLLATE utf8mb4_unicode_ci NOT NULL DEFAULT 'left',
  `created_at` timestamp NULL DEFAULT NULL,
  `updated_at` timestamp NULL DEFAULT NULL
) ENGINE=InnoDB DEFAULT CHARSET=utf8mb4 COLLATE=utf8mb4_unicode_ci;

--
-- Dumping data for table `currencies`
--

INSERT INTO `currencies` (`id`, `name`, `code`, `symbol`, `symbol_position`, `created_at`, `updated_at`) VALUES
(1, 'United State Dollar', 'USD', '$', 'left', '2022-07-25 05:09:47', '2022-07-25 05:09:47'),
(2, 'שקל ישראלי', 'ILS', '₪', 'right', '2022-08-21 04:23:05', '2022-09-17 11:49:07');

-- --------------------------------------------------------

--
-- Table structure for table `custom_fields`
--

CREATE TABLE `custom_fields` (
  `id` bigint(20) UNSIGNED NOT NULL,
  `custom_field_group_id` bigint(20) UNSIGNED NOT NULL,
  `name` varchar(255) COLLATE utf8mb4_unicode_ci NOT NULL,
  `slug` varchar(255) COLLATE utf8mb4_unicode_ci NOT NULL,
  `type` enum('text','textarea','select','radio','file','url','number','date','checkbox','checkbox_multiple') COLLATE utf8mb4_unicode_ci NOT NULL,
  `required` tinyint(1) NOT NULL DEFAULT 0,
  `filterable` tinyint(1) NOT NULL DEFAULT 0,
  `listable` tinyint(1) NOT NULL DEFAULT 0,
  `icon` varchar(255) COLLATE utf8mb4_unicode_ci NOT NULL DEFAULT 'fas fa-cube',
  `order` int(11) NOT NULL DEFAULT 0,
  `created_at` timestamp NULL DEFAULT NULL,
  `updated_at` timestamp NULL DEFAULT NULL
) ENGINE=InnoDB DEFAULT CHARSET=utf8mb4 COLLATE=utf8mb4_unicode_ci;

--
-- Dumping data for table `custom_fields`
--

INSERT INTO `custom_fields` (`id`, `custom_field_group_id`, `name`, `slug`, `type`, `required`, `filterable`, `listable`, `icon`, `order`, `created_at`, `updated_at`) VALUES
(2, 1, 'Number of Bed', 'number-of-bed', 'text', 1, 0, 0, 'fas fa-binoculars', 0, '2022-09-18 06:42:17', '2022-09-18 06:42:17');

-- --------------------------------------------------------

--
-- Table structure for table `custom_field_groups`
--

CREATE TABLE `custom_field_groups` (
  `id` bigint(20) UNSIGNED NOT NULL,
  `name` varchar(255) COLLATE utf8mb4_unicode_ci NOT NULL,
  `slug` varchar(255) COLLATE utf8mb4_unicode_ci DEFAULT NULL,
  `order` int(11) NOT NULL DEFAULT 0,
  `created_at` timestamp NULL DEFAULT NULL,
  `updated_at` timestamp NULL DEFAULT NULL
) ENGINE=InnoDB DEFAULT CHARSET=utf8mb4 COLLATE=utf8mb4_unicode_ci;

--
-- Dumping data for table `custom_field_groups`
--

INSERT INTO `custom_field_groups` (`id`, `name`, `slug`, `order`, `created_at`, `updated_at`) VALUES
(1, 'Total Bed', 'total-bed', 0, '2022-09-18 06:40:42', '2022-09-18 06:40:42');

-- --------------------------------------------------------

--
-- Table structure for table `custom_field_values`
--

CREATE TABLE `custom_field_values` (
  `id` bigint(20) UNSIGNED NOT NULL,
  `custom_field_id` bigint(20) UNSIGNED NOT NULL,
  `value` varchar(255) COLLATE utf8mb4_unicode_ci NOT NULL,
  `created_at` timestamp NULL DEFAULT NULL,
  `updated_at` timestamp NULL DEFAULT NULL
) ENGINE=InnoDB DEFAULT CHARSET=utf8mb4 COLLATE=utf8mb4_unicode_ci;

-- --------------------------------------------------------

--
-- Table structure for table `database_backups`
--

CREATE TABLE `database_backups` (
  `id` bigint(20) UNSIGNED NOT NULL,
  `name` varchar(255) COLLATE utf8mb4_unicode_ci NOT NULL,
  `file_path` varchar(255) COLLATE utf8mb4_unicode_ci NOT NULL,
  `created_at` timestamp NULL DEFAULT NULL,
  `updated_at` timestamp NULL DEFAULT NULL
) ENGINE=InnoDB DEFAULT CHARSET=utf8mb4 COLLATE=utf8mb4_unicode_ci;

-- --------------------------------------------------------

--
-- Table structure for table `emails`
--

CREATE TABLE `emails` (
  `id` bigint(20) UNSIGNED NOT NULL,
  `email` varchar(255) COLLATE utf8mb4_unicode_ci NOT NULL,
  `created_at` timestamp NULL DEFAULT NULL,
  `updated_at` timestamp NULL DEFAULT NULL
) ENGINE=InnoDB DEFAULT CHARSET=utf8mb4 COLLATE=utf8mb4_unicode_ci;

-- --------------------------------------------------------

--
-- Table structure for table `failed_jobs`
--

CREATE TABLE `failed_jobs` (
  `id` bigint(20) UNSIGNED NOT NULL,
  `uuid` varchar(255) COLLATE utf8mb4_unicode_ci NOT NULL,
  `connection` text COLLATE utf8mb4_unicode_ci NOT NULL,
  `queue` text COLLATE utf8mb4_unicode_ci NOT NULL,
  `payload` longtext COLLATE utf8mb4_unicode_ci NOT NULL,
  `exception` longtext COLLATE utf8mb4_unicode_ci NOT NULL,
  `failed_at` timestamp NOT NULL DEFAULT current_timestamp()
) ENGINE=InnoDB DEFAULT CHARSET=utf8mb4 COLLATE=utf8mb4_unicode_ci;

-- --------------------------------------------------------

--
-- Table structure for table `faqs`
--

CREATE TABLE `faqs` (
  `id` bigint(20) UNSIGNED NOT NULL,
  `faq_category_id` bigint(20) UNSIGNED NOT NULL,
  `question` text COLLATE utf8mb4_unicode_ci NOT NULL,
  `answer` longtext COLLATE utf8mb4_unicode_ci NOT NULL,
  `created_at` timestamp NULL DEFAULT NULL,
  `updated_at` timestamp NULL DEFAULT NULL
) ENGINE=InnoDB DEFAULT CHARSET=utf8mb4 COLLATE=utf8mb4_unicode_ci;

--
-- Dumping data for table `faqs`
--

INSERT INTO `faqs` (`id`, `faq_category_id`, `question`, `answer`, `created_at`, `updated_at`) VALUES
(1, 1, 'האם תחייב אותי בזמן פרסום מודעות?', 'זה לגמרי בחינם לפרסם מודעות', '2022-08-21 05:33:37', '2022-09-17 11:55:47');

-- --------------------------------------------------------

--
-- Table structure for table `faq_categories`
--

CREATE TABLE `faq_categories` (
  `id` bigint(20) UNSIGNED NOT NULL,
  `name` varchar(255) COLLATE utf8mb4_unicode_ci NOT NULL,
  `slug` varchar(255) COLLATE utf8mb4_unicode_ci NOT NULL,
  `icon` varchar(255) COLLATE utf8mb4_unicode_ci NOT NULL,
  `order` int(10) UNSIGNED NOT NULL DEFAULT 0,
  `created_at` timestamp NULL DEFAULT NULL,
  `updated_at` timestamp NULL DEFAULT NULL
) ENGINE=InnoDB DEFAULT CHARSET=utf8mb4 COLLATE=utf8mb4_unicode_ci;

--
-- Dumping data for table `faq_categories`
--

INSERT INTO `faq_categories` (`id`, `name`, `slug`, `icon`, `order`, `created_at`, `updated_at`) VALUES
(1, 'Ads Post', 'ads-post', 'fab fa-bitbucket', 0, '2022-08-21 05:33:00', '2022-08-21 05:33:00');

-- --------------------------------------------------------

--
-- Table structure for table `jobs`
--

CREATE TABLE `jobs` (
  `id` bigint(20) UNSIGNED NOT NULL,
  `queue` varchar(255) COLLATE utf8mb4_unicode_ci NOT NULL,
  `payload` longtext COLLATE utf8mb4_unicode_ci NOT NULL,
  `attempts` tinyint(3) UNSIGNED NOT NULL,
  `reserved_at` int(10) UNSIGNED DEFAULT NULL,
  `available_at` int(10) UNSIGNED NOT NULL,
  `created_at` int(10) UNSIGNED NOT NULL
) ENGINE=InnoDB DEFAULT CHARSET=utf8mb4 COLLATE=utf8mb4_unicode_ci;

-- --------------------------------------------------------

--
-- Table structure for table `languages`
--

CREATE TABLE `languages` (
  `id` bigint(20) UNSIGNED NOT NULL,
  `name` varchar(255) COLLATE utf8mb4_unicode_ci NOT NULL,
  `code` varchar(255) COLLATE utf8mb4_unicode_ci NOT NULL,
  `icon` varchar(255) COLLATE utf8mb4_unicode_ci NOT NULL,
  `direction` varchar(3) COLLATE utf8mb4_unicode_ci NOT NULL DEFAULT 'ltr',
  `created_at` timestamp NULL DEFAULT NULL,
  `updated_at` timestamp NULL DEFAULT NULL
) ENGINE=InnoDB DEFAULT CHARSET=utf8mb4 COLLATE=utf8mb4_unicode_ci;

--
-- Dumping data for table `languages`
--

INSERT INTO `languages` (`id`, `name`, `code`, `icon`, `direction`, `created_at`, `updated_at`) VALUES
(1, 'English', 'en', 'flag-icon-gb', 'ltr', '2022-07-25 05:09:47', '2022-07-25 05:09:47'),
(3, 'Hebrew', 'he', 'flag-icon-is', 'rtl', '2022-09-05 05:26:25', '2022-09-05 05:26:25');

-- --------------------------------------------------------

--
-- Table structure for table `messengers`
--

CREATE TABLE `messengers` (
  `id` bigint(20) UNSIGNED NOT NULL,
  `from_id` bigint(20) UNSIGNED NOT NULL,
  `to_id` bigint(20) UNSIGNED NOT NULL,
  `body` text COLLATE utf8mb4_unicode_ci NOT NULL,
  `read` tinyint(1) NOT NULL DEFAULT 0,
  `created_at` timestamp NULL DEFAULT NULL,
  `updated_at` timestamp NULL DEFAULT NULL
) ENGINE=InnoDB DEFAULT CHARSET=utf8mb4 COLLATE=utf8mb4_unicode_ci;

--
-- Dumping data for table `messengers`
--

INSERT INTO `messengers` (`id`, `from_id`, `to_id`, `body`, `read`, `created_at`, `updated_at`) VALUES
(1, 5, 4, '.', 0, '2022-09-04 09:55:03', '2022-09-04 09:55:03'),
(2, 5, 4, 'Helo Brada', 1, '2022-09-04 09:57:03', '2022-09-04 09:58:58'),
(3, 4, 5, 'yes please', 0, '2022-09-04 09:59:08', '2022-09-04 09:59:08'),
(4, 4, 5, 'hey', 0, '2022-09-04 09:59:21', '2022-09-04 09:59:21'),
(5, 4, 5, 'I wont listen to you', 0, '2022-09-04 10:09:04', '2022-09-04 10:09:04'),
(6, 7, 1, '.', 0, '2022-09-11 15:14:33', '2022-09-11 15:14:33');

-- --------------------------------------------------------

--
-- Table structure for table `migrations`
--

CREATE TABLE `migrations` (
  `id` int(10) UNSIGNED NOT NULL,
  `migration` varchar(255) COLLATE utf8mb4_unicode_ci NOT NULL,
  `batch` int(11) NOT NULL
) ENGINE=InnoDB DEFAULT CHARSET=utf8mb4 COLLATE=utf8mb4_unicode_ci;

--
-- Dumping data for table `migrations`
--

INSERT INTO `migrations` (`id`, `migration`, `batch`) VALUES
(1, '2012_07_14_154223_create_users_table', 1),
(2, '2014_10_12_100000_create_password_resets_table', 1),
(3, '2019_08_19_000000_create_failed_jobs_table', 1),
(4, '2020_11_12_184107_create_permission_tables', 1),
(5, '2020_12_20_161857_create_brands_table', 1),
(6, '2020_12_23_122556_create_contacts_table', 1),
(7, '2021_02_17_110211_create_testimonials_table', 1),
(8, '2021_02_18_112239_create_admins_table', 1),
(9, '2021_08_22_051131_create_categories_table', 1),
(10, '2021_08_22_051134_create_sub_categories_table', 1),
(11, '2021_08_22_051135_create_ads_table', 1),
(12, '2021_08_22_051198_create_post_categories_table', 1),
(13, '2021_08_22_051199_create_posts_table', 1),
(14, '2021_08_23_115402_create_settings_table', 1),
(15, '2021_08_25_061331_create_languages_table', 1),
(16, '2021_09_04_105120_create_blog_comments_table', 1),
(17, '2021_09_05_120235_create_ad_features_table', 1),
(18, '2021_09_05_120248_create_ad_galleries_table', 1),
(19, '2021_09_19_141812_create_plans_table', 1),
(20, '2021_11_13_114825_create_messengers_table', 1),
(21, '2021_11_15_112417_create_user_plans_table', 1),
(22, '2021_11_15_112949_create_transactions_table', 1),
(23, '2021_12_14_142236_create_emails_table', 1),
(24, '2021_12_15_161624_create_module_settings_table', 1),
(25, '2021_12_19_101413_create_cms_table', 1),
(26, '2021_12_19_152529_create_faq_categories_table', 1),
(27, '2021_12_21_105713_create_faqs_table', 1),
(28, '2022_01_25_131111_add_fields_to_settings_table', 1),
(29, '2022_01_26_091457_add_social_login_fields_to_users_table', 1),
(30, '2022_02_16_152704_add_loader_fields_to_settings_table', 1),
(31, '2022_03_05_125615_create_currencies_table', 1),
(32, '2022_03_08_110749_add_website_configuration_to_settings_table', 1),
(33, '2022_03_27_175435_create_orders_table', 1),
(34, '2022_03_28_093629_add_socialite_column_to_users_table', 1),
(35, '2022_03_29_100616_create_timezones_table', 1),
(36, '2022_03_29_121851_create_admin_searches_table', 1),
(37, '2022_03_30_082959_create_cookies_table', 1),
(38, '2022_03_30_114924_create_seos_table', 1),
(39, '2022_03_30_121200_create_database_backups_table', 1),
(40, '2022_04_25_132657_create_setup_guides_table', 1),
(41, '2022_04_28_134721_create_mobile_app_configs_table', 1),
(42, '2022_04_28_142433_create_mobile_app_sliders_table', 1),
(43, '2022_06_06_041744_add_field_to_users_table', 1),
(44, '2022_06_06_052533_create_notifications_table', 1),
(45, '2022_06_06_092421_create_themes_table', 1),
(46, '2022_06_08_053638_create_custom_field_groups_table', 1),
(47, '2022_06_08_060821_create_custom_fields_table', 1),
(48, '2022_06_08_061216_create_custom_field_values_table', 1),
(49, '2022_06_08_061928_create_category_custom_field_table', 1),
(50, '2022_06_08_091126_create_product_custom_fields_table', 1),
(51, '2022_06_14_051918_add_fields_to_user_plans_table', 1),
(52, '2022_06_14_095728_add_fields_to_plans_table', 1),
(53, '2022_06_18_031525_add_full_address_to_ads_table', 1),
(54, '2022_06_27_050337_add_map_to_settings_table', 1),
(55, '2022_07_03_030110_add_whatsapp_field_to_ads_table', 1),
(56, '2022_07_04_042533_create_jobs_table', 1),
(57, '2022_07_05_081552_create_reports_table', 1),
(58, '2022_07_05_112407_create_social_media_table', 1),
(59, '2022_07_14_151623_create_wishlists_table', 1),
(60, '2022_07_14_155901_create_reviews_table', 1),
(61, '2022_07_24_110337_create_user_device_token_tbale', 1),
(62, '2022_07_25_024244_add_push_notification_settings_table', 1);

-- --------------------------------------------------------

--
-- Table structure for table `mobile_app_configs`
--

CREATE TABLE `mobile_app_configs` (
  `id` bigint(20) UNSIGNED NOT NULL,
  `android_download_url` varchar(255) COLLATE utf8mb4_unicode_ci DEFAULT NULL,
  `ios_download_url` varchar(255) COLLATE utf8mb4_unicode_ci DEFAULT NULL,
  `privacy_url` varchar(255) COLLATE utf8mb4_unicode_ci DEFAULT NULL,
  `support_url` varchar(255) COLLATE utf8mb4_unicode_ci DEFAULT NULL,
  `terms_and_condition_url` varchar(255) COLLATE utf8mb4_unicode_ci DEFAULT NULL,
  `created_at` timestamp NULL DEFAULT NULL,
  `updated_at` timestamp NULL DEFAULT NULL
) ENGINE=InnoDB DEFAULT CHARSET=utf8mb4 COLLATE=utf8mb4_unicode_ci;

--
-- Dumping data for table `mobile_app_configs`
--

INSERT INTO `mobile_app_configs` (`id`, `android_download_url`, `ios_download_url`, `privacy_url`, `support_url`, `terms_and_condition_url`, `created_at`, `updated_at`) VALUES
(1, 'https://play.google.com/store/apps/details?id=com.app.appname', 'https://apps.apple.com/us/app/app-name/id1440990079', 'https://www.appname.com/privacy-policy', 'https://www.appname.com/support', 'https://www.appname.com/terms-and-conditions', '2022-07-25 05:09:47', '2022-07-25 05:09:47');

-- --------------------------------------------------------

--
-- Table structure for table `mobile_app_sliders`
--

CREATE TABLE `mobile_app_sliders` (
  `id` bigint(20) UNSIGNED NOT NULL,
  `name` varchar(255) COLLATE utf8mb4_unicode_ci DEFAULT NULL,
  `order` int(10) UNSIGNED NOT NULL DEFAULT 0,
  `background` text COLLATE utf8mb4_unicode_ci DEFAULT NULL,
  `status` tinyint(1) NOT NULL DEFAULT 1,
  `created_at` timestamp NULL DEFAULT NULL,
  `updated_at` timestamp NULL DEFAULT NULL
) ENGINE=InnoDB DEFAULT CHARSET=utf8mb4 COLLATE=utf8mb4_unicode_ci;

-- --------------------------------------------------------

--
-- Table structure for table `model_has_permissions`
--

CREATE TABLE `model_has_permissions` (
  `permission_id` bigint(20) UNSIGNED NOT NULL,
  `model_type` varchar(255) COLLATE utf8mb4_unicode_ci NOT NULL,
  `model_id` bigint(20) UNSIGNED NOT NULL
) ENGINE=InnoDB DEFAULT CHARSET=utf8mb4 COLLATE=utf8mb4_unicode_ci;

-- --------------------------------------------------------

--
-- Table structure for table `model_has_roles`
--

CREATE TABLE `model_has_roles` (
  `role_id` bigint(20) UNSIGNED NOT NULL,
  `model_type` varchar(255) COLLATE utf8mb4_unicode_ci NOT NULL,
  `model_id` bigint(20) UNSIGNED NOT NULL
) ENGINE=InnoDB DEFAULT CHARSET=utf8mb4 COLLATE=utf8mb4_unicode_ci;

--
-- Dumping data for table `model_has_roles`
--

INSERT INTO `model_has_roles` (`role_id`, `model_type`, `model_id`) VALUES
(1, 'App\\Models\\Admin', 1),
(2, 'App\\Models\\Admin', 2);

-- --------------------------------------------------------

--
-- Table structure for table `module_settings`
--

CREATE TABLE `module_settings` (
  `id` bigint(20) UNSIGNED NOT NULL,
  `blog` tinyint(1) NOT NULL DEFAULT 1,
  `newsletter` tinyint(1) NOT NULL DEFAULT 1,
  `language` tinyint(1) NOT NULL DEFAULT 1,
  `contact` tinyint(1) NOT NULL DEFAULT 1,
  `faq` tinyint(1) NOT NULL DEFAULT 1,
  `testimonial` tinyint(1) NOT NULL DEFAULT 1,
  `price_plan` tinyint(1) NOT NULL DEFAULT 1,
  `appearance` tinyint(1) NOT NULL DEFAULT 1
) ENGINE=InnoDB DEFAULT CHARSET=utf8mb4 COLLATE=utf8mb4_unicode_ci;

--
-- Dumping data for table `module_settings`
--

INSERT INTO `module_settings` (`id`, `blog`, `newsletter`, `language`, `contact`, `faq`, `testimonial`, `price_plan`, `appearance`) VALUES
(1, 0, 0, 1, 1, 1, 1, 1, 1);

-- --------------------------------------------------------

--
-- Table structure for table `notifications`
--

CREATE TABLE `notifications` (
  `id` char(36) COLLATE utf8mb4_unicode_ci NOT NULL,
  `type` varchar(255) COLLATE utf8mb4_unicode_ci NOT NULL,
  `notifiable_type` varchar(255) COLLATE utf8mb4_unicode_ci NOT NULL,
  `notifiable_id` bigint(20) UNSIGNED NOT NULL,
  `data` text COLLATE utf8mb4_unicode_ci NOT NULL,
  `read_at` timestamp NULL DEFAULT NULL,
  `created_at` timestamp NULL DEFAULT NULL,
  `updated_at` timestamp NULL DEFAULT NULL
) ENGINE=InnoDB DEFAULT CHARSET=utf8mb4 COLLATE=utf8mb4_unicode_ci;

--
-- Dumping data for table `notifications`
--

INSERT INTO `notifications` (`id`, `type`, `notifiable_type`, `notifiable_id`, `data`, `read_at`, `created_at`, `updated_at`) VALUES
('02a223d4-ec1f-4274-8947-61c83ec373a5', 'App\\Notifications\\LogoutNotification', 'App\\Models\\User', 16, '{\"msg\":\"You\'re loggedout successfully\",\"type\":\"loggedout\"}', NULL, '2022-09-18 12:04:15', '2022-09-18 12:04:15'),
('032569fa-acbb-4716-80d9-fb037737e9bd', 'App\\Notifications\\LoginNotification', 'App\\Models\\User', 4, '{\"msg\":\"You\'re loggedin successfully\",\"type\":\"loggedin\"}', NULL, '2022-09-18 08:21:12', '2022-09-18 08:21:12'),
('04db0120-2f23-4175-81b0-8c9894531b98', 'App\\Notifications\\LogoutNotification', 'App\\Models\\User', 10, '{\"msg\":\"You\'re loggedout successfully\",\"type\":\"loggedout\"}', NULL, '2022-09-13 15:11:46', '2022-09-13 15:11:46'),
('0635f874-5b13-45c6-ac75-b14602d6f848', 'App\\Notifications\\AdCreateNotification', 'App\\Models\\User', 4, '{\"msg\":\"You\'re just created a ad\",\"type\":\"adcreate\",\"url\":\"https:\\/\\/dayagim-bastock.co.il\\/ad\\/details\\/xiaomi-redmi-note-10s-664-old\"}', NULL, '2022-09-04 09:12:11', '2022-09-04 09:12:11'),
('097c8b86-b1a5-4030-9550-6b8866386fd0', 'App\\Notifications\\AdCreateNotification', 'App\\Models\\User', 1, '{\"msg\":\"You\'re just created a ad\",\"type\":\"adcreate\",\"url\":\"https:\\/\\/dayagim-bastock.co.il\\/ad\\/details\\/oppo-r17-pro-8-gb128-gb-used\"}', NULL, '2022-09-12 13:54:02', '2022-09-12 13:54:02'),
('09cf22e3-14ce-4559-bb37-a881c7f6b14d', 'App\\Notifications\\LogoutNotification', 'App\\Models\\User', 4, '{\"msg\":\"You\'re loggedout successfully\",\"type\":\"loggedout\"}', NULL, '2022-09-13 14:37:43', '2022-09-13 14:37:43'),
('09e819b0-cc0a-42c3-ba10-0b0af61368bb', 'App\\Notifications\\LoginNotification', 'App\\Models\\User', 3, '{\"msg\":\"You\'re loggedin successfully\",\"type\":\"loggedin\"}', NULL, '2022-09-18 09:58:08', '2022-09-18 09:58:08'),
('0a65cab9-bcc0-4a39-b400-7a853c2c77fb', 'App\\Notifications\\AdDeleteNotification', 'App\\Models\\User', 10, '{\"msg\":\"You\'re just deleted a ad\",\"type\":\"addelete\"}', NULL, '2022-09-14 11:10:20', '2022-09-14 11:10:20'),
('0ad5a2c8-6074-482f-9e5b-a56bfab77d8e', 'App\\Notifications\\LoginNotification', 'App\\Models\\User', 1, '{\"msg\":\"You\'re loggedin successfully\",\"type\":\"loggedin\"}', NULL, '2022-09-18 07:10:55', '2022-09-18 07:10:55'),
('0cd0da86-c259-439d-a4e0-35b208ad4616', 'App\\Notifications\\LogoutNotification', 'App\\Models\\User', 4, '{\"msg\":\"You\'re loggedout successfully\",\"type\":\"loggedout\"}', NULL, '2022-09-11 12:20:00', '2022-09-11 12:20:00'),
('0fb20a01-777b-42e6-b172-fe1d8b52bf39', 'App\\Notifications\\LoginNotification', 'App\\Models\\User', 1, '{\"msg\":\"You\'re loggedin successfully\",\"type\":\"loggedin\"}', NULL, '2022-09-17 18:40:28', '2022-09-17 18:40:28'),
('11621cee-b5ae-4f10-9cee-a7e06188c679', 'App\\Notifications\\LoginNotification', 'App\\Models\\User', 4, '{\"msg\":\"You\'re loggedin successfully\",\"type\":\"loggedin\"}', NULL, '2022-09-04 09:58:49', '2022-09-04 09:58:49'),
('12f69855-68e0-4f1b-8cf8-72d1b0b86ecd', 'App\\Notifications\\LoginNotification', 'App\\Models\\User', 4, '{\"msg\":\"You\'re loggedin successfully\",\"type\":\"loggedin\"}', NULL, '2022-09-13 14:37:23', '2022-09-13 14:37:23'),
('17280a3e-8d82-400a-81fd-3724a03ad2c3', 'App\\Notifications\\AdUpdateNotification', 'App\\Models\\User', 12, '{\"msg\":\"You\'re just updated a ad\",\"type\":\"adupdate\",\"url\":\"https:\\/\\/dayagim-bastock.co.il\\/ad\\/details\\/my-phone\"}', NULL, '2022-09-18 12:18:51', '2022-09-18 12:18:51'),
('1792a5e8-7d56-4c53-b629-e28a23f9ae7a', 'App\\Notifications\\LogoutNotification', 'App\\Models\\User', 5, '{\"msg\":\"You\'re loggedout successfully\",\"type\":\"loggedout\"}', NULL, '2022-09-04 09:58:40', '2022-09-04 09:58:40'),
('1babbf03-d833-49af-8d05-9b68423a4d62', 'App\\Notifications\\LogoutNotification', 'App\\Models\\User', 14, '{\"msg\":\"You\'re loggedout successfully\",\"type\":\"loggedout\"}', NULL, '2022-09-18 07:10:48', '2022-09-18 07:10:48'),
('1c3aa04d-87ba-4751-8271-ece0659e1a29', 'App\\Notifications\\AdDeleteNotification', 'App\\Models\\User', 6, '{\"msg\":\"You\'re just deleted a ad\",\"type\":\"addelete\"}', NULL, '2022-09-07 10:36:22', '2022-09-07 10:36:22'),
('1db99b37-3313-42b5-aada-584dff902cb3', 'App\\Notifications\\AdCreateNotification', 'App\\Models\\User', 9, '{\"msg\":\"You\'re just created a ad\",\"type\":\"adcreate\",\"url\":\"https:\\/\\/dayagim-bastock.co.il\\/ad\\/details\\/lgby-pryt-zh\"}', NULL, '2022-09-11 13:50:08', '2022-09-11 13:50:08'),
('20cc9f3b-f91c-4fcd-9bf4-ec1f5b11b71d', 'App\\Notifications\\AdCreateNotification', 'App\\Models\\User', 8, '{\"msg\":\"You\'re just created a ad\",\"type\":\"adcreate\",\"url\":\"https:\\/\\/dayagim-bastock.co.il\\/ad\\/details\"}', NULL, '2022-09-11 12:59:19', '2022-09-11 12:59:19'),
('24ccdc1d-f96e-4048-9bd2-ef7219e11504', 'App\\Notifications\\LoginNotification', 'App\\Models\\User', 4, '{\"msg\":\"You\'re loggedin successfully\",\"type\":\"loggedin\"}', NULL, '2022-09-10 09:08:14', '2022-09-10 09:08:14'),
('253d6e49-b997-4f5c-bae8-2d9c6c04b90b', 'App\\Notifications\\LoginNotification', 'App\\Models\\User', 1, '{\"msg\":\"You\'re loggedin successfully\",\"type\":\"loggedin\"}', NULL, '2022-08-21 21:54:14', '2022-08-21 21:54:14'),
('26a660e2-25b4-4ca5-8490-5ed7711806c3', 'App\\Notifications\\AdCreateNotification', 'App\\Models\\User', 4, '{\"msg\":\"You\'re just created a ad\",\"type\":\"adcreate\",\"url\":\"https:\\/\\/dayagim-bastock.co.il\\/ad\\/details\\/xiaomi-redmi-note-10s-864-new\"}', NULL, '2022-09-04 10:06:06', '2022-09-04 10:06:06'),
('2c4e5f90-57e0-4929-9ce2-b3b18bf634e2', 'App\\Notifications\\AdCreateNotification', 'App\\Models\\User', 15, '{\"msg\":\"You\'re just created an ad\",\"type\":\"adcreate\",\"url\":\"https:\\/\\/dayagim-bastock.co.il\\/ad\\/details\\/5-azhrh-bqnyyt-dyrh-yd-shnyh\"}', NULL, '2022-09-18 08:24:49', '2022-09-18 08:24:49'),
('2ce05b25-6060-4742-846f-5a615fec938c', 'App\\Notifications\\LoginNotification', 'App\\Models\\User', 10, '{\"msg\":\"You\'re loggedin successfully\",\"type\":\"loggedin\"}', NULL, '2022-09-14 11:01:20', '2022-09-14 11:01:20'),
('2de8860d-73e4-4f0b-abb7-5c57f9c03ae2', 'App\\Notifications\\MembershipUpgradeNotification', 'App\\Models\\User', 2, '{\"msg\":\"Upgrade to Standard plan\",\"type\":\"plan_upgrade\"}', NULL, '2022-09-11 15:20:18', '2022-09-11 15:20:18'),
('306cda28-e96a-444e-b1ed-73349b737598', 'App\\Notifications\\AdCreateNotification', 'App\\Models\\User', 1, '{\"msg\":\"You\'re just created a ad\",\"type\":\"adcreate\",\"url\":\"https:\\/\\/dayagim-bastock.co.il\\/ad\\/details\"}', NULL, '2022-09-08 11:26:07', '2022-09-08 11:26:07'),
('3772edda-c683-4ee1-b5ed-cba190cc10e2', 'App\\Notifications\\LogoutNotification', 'App\\Models\\User', 14, '{\"msg\":\"You\'re loggedout successfully\",\"type\":\"loggedout\"}', NULL, '2022-09-18 06:58:47', '2022-09-18 06:58:47'),
('380f7072-5bd4-44f3-9572-a0c6f90f42d1', 'App\\Notifications\\AdCreateNotification', 'App\\Models\\User', 1, '{\"msg\":\"You\'re just created a ad\",\"type\":\"adcreate\",\"url\":\"https:\\/\\/dayagim-bastock.co.il\\/ad\\/details\"}', NULL, '2022-09-08 11:16:31', '2022-09-08 11:16:31'),
('39269355-291e-419a-be59-29290f655a6e', 'App\\Notifications\\LoginNotification', 'App\\Models\\User', 4, '{\"msg\":\"You\'re loggedin successfully\",\"type\":\"loggedin\"}', NULL, '2022-09-13 15:11:54', '2022-09-13 15:11:54'),
('3c647886-4726-457c-9590-f337447e80a6', 'App\\Notifications\\LoginNotification', 'App\\Models\\User', 15, '{\"msg\":\"You\'re loggedin successfully\",\"type\":\"loggedin\"}', NULL, '2022-09-18 08:46:50', '2022-09-18 08:46:50'),
('4023f86a-10a6-4f23-858e-410f9e1a0d51', 'App\\Notifications\\LoginNotification', 'App\\Models\\User', 15, '{\"msg\":\"You\'re loggedin successfully\",\"type\":\"loggedin\"}', NULL, '2022-09-18 08:34:00', '2022-09-18 08:34:00'),
('403cd491-cedb-4702-8f16-10f4ade8e78d', 'App\\Notifications\\LoginNotification', 'App\\Models\\User', 1, '{\"msg\":\"You\'re loggedin successfully\",\"type\":\"loggedin\"}', NULL, '2022-09-08 13:00:58', '2022-09-08 13:00:58'),
('42509a99-f940-4689-9ad3-4e0bfcf454fc', 'App\\Notifications\\LoginNotification', 'App\\Models\\User', 15, '{\"msg\":\"You\'re loggedin successfully\",\"type\":\"loggedin\"}', NULL, '2022-09-18 08:31:14', '2022-09-18 08:31:14'),
('44993f78-9782-4e6d-a2db-b7e35b0b1df5', 'App\\Notifications\\LoginNotification', 'App\\Models\\User', 1, '{\"msg\":\"You\'re loggedin successfully\",\"type\":\"loggedin\"}', NULL, '2022-09-12 13:44:58', '2022-09-12 13:44:58'),
('4571a95a-90b5-4aab-9730-3f20c747889d', 'App\\Notifications\\AdWishlistNotification', 'App\\Models\\User', 2, '{\"msg\":\"Added a ad to favourite list\",\"type\":\"added_to_favourite\",\"url\":\"https:\\/\\/dayagim-bastock.co.il\\/ad\\/details\\/bqrvb\"}', NULL, '2022-09-11 15:17:46', '2022-09-11 15:17:46'),
('45cf6a0f-4edd-4681-9f2c-c83fffce82f1', 'App\\Notifications\\LogoutNotification', 'App\\Models\\User', 15, '{\"msg\":\"You\'re loggedout successfully\",\"type\":\"loggedout\"}', NULL, '2022-09-18 08:32:09', '2022-09-18 08:32:09'),
('487c2014-5b0a-477f-9d7c-1fd2217bdab1', 'App\\Notifications\\LoginNotification', 'App\\Models\\User', 4, '{\"msg\":\"You\'re loggedin successfully\",\"type\":\"loggedin\"}', NULL, '2022-09-10 09:07:34', '2022-09-10 09:07:34'),
('4ea1a91e-95d7-4301-80c9-1e5d30f03eca', 'App\\Notifications\\LogoutNotification', 'App\\Models\\User', 4, '{\"msg\":\"You\'re loggedout successfully\",\"type\":\"loggedout\"}', NULL, '2022-09-18 08:21:32', '2022-09-18 08:21:32'),
('4f4319fb-f3b1-4678-bbf6-5696e28ed80a', 'App\\Notifications\\LoginNotification', 'App\\Models\\User', 3, '{\"msg\":\"You\'re loggedin successfully\",\"type\":\"loggedin\"}', NULL, '2022-09-13 23:42:11', '2022-09-13 23:42:11'),
('505bc151-4dca-44ce-84f2-440fa5c28576', 'App\\Notifications\\AdUpdateNotification', 'App\\Models\\User', 1, '{\"msg\":\"You\'re just updated a ad\",\"type\":\"adupdate\",\"url\":\"https:\\/\\/dayagim-bastock.co.il\\/ad\\/details\\/hp-core-i3-3rd-gen-ram-4gb-hdd-500gb\"}', NULL, '2022-09-18 07:13:46', '2022-09-18 07:13:46'),
('50a8c8f1-3650-4405-85bf-70b198141089', 'App\\Notifications\\LoginNotification', 'App\\Models\\User', 1, '{\"msg\":\"You\'re loggedin successfully\",\"type\":\"loggedin\"}', NULL, '2022-09-14 10:58:44', '2022-09-14 10:58:44'),
('51818efd-29e2-41bb-ab5f-512dbeac3c24', 'App\\Notifications\\AdWishlistNotification', 'App\\Models\\User', 3, '{\"msg\":\"Added a ad to favourite list\",\"type\":\"added_to_favourite\",\"url\":\"https:\\/\\/dayagim-bastock.co.il\\/ad\\/details\\/shampoo-and-lotion\"}', NULL, '2022-09-07 18:02:53', '2022-09-07 18:02:53'),
('51bfc207-c341-49be-88b5-22f49f3235ad', 'App\\Notifications\\AdWishlistNotification', 'App\\Models\\User', 2, '{\"msg\":\"Added a ad to favourite list\",\"type\":\"added_to_favourite\",\"url\":\"https:\\/\\/dayagim-bastock.co.il\\/ad\\/details\\/bqrvb\"}', NULL, '2022-09-11 15:18:01', '2022-09-11 15:18:01'),
('56796198-eb1b-4697-b392-fcae74f2a419', 'App\\Notifications\\AdCreateNotification', 'App\\Models\\User', 1, '{\"msg\":\"You\'re just created an ad\",\"type\":\"adcreate\",\"url\":\"https:\\/\\/dayagim-bastock.co.il\\/ad\\/details\\/qvvasaqy-nyngh-650-yd-1-shnt-2017-25-qm\"}', NULL, '2022-09-17 18:45:21', '2022-09-17 18:45:21'),
('5a9dfe79-ffb4-45ec-a0e6-b6411011fc94', 'App\\Notifications\\MembershipUpgradeNotification', 'App\\Models\\User', 6, '{\"msg\":\"Upgrade to Premium plan\",\"type\":\"plan_upgrade\"}', NULL, '2022-09-07 09:55:30', '2022-09-07 09:55:30'),
('5b2747e1-2bca-4a7c-a654-9b100b068728', 'App\\Notifications\\LoginNotification', 'App\\Models\\User', 3, '{\"msg\":\"You\'re loggedin successfully\",\"type\":\"loggedin\"}', NULL, '2022-09-08 23:45:01', '2022-09-08 23:45:01'),
('5c349968-a30a-429d-8875-12374ff915a2', 'App\\Notifications\\LoginNotification', 'App\\Models\\User', 1, '{\"msg\":\"You\'re loggedin successfully\",\"type\":\"loggedin\"}', NULL, '2022-08-22 08:32:00', '2022-08-22 08:32:00'),
('5cca1f14-ced7-4e91-8a7b-8cf3266a8257', 'App\\Notifications\\AdCreateNotification', 'App\\Models\\User', 15, '{\"msg\":\"You\'re just created an ad\",\"type\":\"adcreate\",\"url\":\"https:\\/\\/dayagim-bastock.co.il\\/ad\\/details\\/myqrvpvn-lmkhshb-kytsd-mvmlts\"}', NULL, '2022-09-18 08:35:34', '2022-09-18 08:35:34'),
('5ccf6e15-e133-4707-81f0-a472b7a7986b', 'App\\Notifications\\LoginNotification', 'App\\Models\\User', 3, '{\"msg\":\"You\'re loggedin successfully\",\"type\":\"loggedin\"}', NULL, '2022-09-13 13:38:15', '2022-09-13 13:38:15'),
('5fe8cc24-71e9-465d-9f3f-f815a8cf72ea', 'App\\Notifications\\LoginNotification', 'App\\Models\\User', 7, '{\"msg\":\"You\'re loggedin successfully\",\"type\":\"loggedin\"}', NULL, '2022-09-11 15:49:29', '2022-09-11 15:49:29'),
('6af9acd2-12bf-417f-be23-d468cdfa4ceb', 'App\\Notifications\\AdCreateNotification', 'App\\Models\\User', 15, '{\"msg\":\"You\'re just created an ad\",\"type\":\"adcreate\",\"url\":\"https:\\/\\/dayagim-bastock.co.il\\/ad\\/details\\/myqrvpvn-lmkhshb-kytsd-mvmlts\"}', NULL, '2022-09-18 08:27:06', '2022-09-18 08:27:06'),
('6ca7afc3-b468-40f1-b1b5-362a5e082802', 'App\\Notifications\\AdCreateNotification', 'App\\Models\\User', 8, '{\"msg\":\"You\'re just created a ad\",\"type\":\"adcreate\",\"url\":\"https:\\/\\/dayagim-bastock.co.il\\/ad\\/details\"}', NULL, '2022-09-11 12:30:19', '2022-09-11 12:30:19'),
('6e91101e-9c37-43a6-8a89-2c9493f6797f', 'App\\Notifications\\LoginNotification', 'App\\Models\\User', 4, '{\"msg\":\"You\'re loggedin successfully\",\"type\":\"loggedin\"}', NULL, '2022-09-11 11:49:35', '2022-09-11 11:49:35'),
('76d515f7-ecd7-4ba4-a82e-70d4a3cdb650', 'App\\Notifications\\AdCreateNotification', 'App\\Models\\User', 12, '{\"msg\":\"You\'re just created an ad\",\"type\":\"adcreate\",\"url\":\"https:\\/\\/dayagim-bastock.co.il\\/ad\\/details\\/my-phone\"}', NULL, '2022-09-18 12:16:22', '2022-09-18 12:16:22'),
('7798917a-5134-471d-99fd-6b04d1462153', 'App\\Notifications\\LoginNotification', 'App\\Models\\User', 3, '{\"msg\":\"You\'re loggedin successfully\",\"type\":\"loggedin\"}', NULL, '2022-09-13 11:10:16', '2022-09-13 11:10:16'),
('79fe385c-e87c-4332-a660-e37bfe42266f', 'App\\Notifications\\LoginNotification', 'App\\Models\\User', 1, '{\"msg\":\"You\'re loggedin successfully\",\"type\":\"loggedin\"}', NULL, '2022-09-17 16:14:39', '2022-09-17 16:14:39'),
('7f732d9e-699c-48cd-bf60-a3e077af000d', 'App\\Notifications\\LoginNotification', 'App\\Models\\User', 7, '{\"msg\":\"You\'re loggedin successfully\",\"type\":\"loggedin\"}', NULL, '2022-09-11 15:09:57', '2022-09-11 15:09:57'),
('80bcf824-8dac-447d-826a-dc1bfcedca95', 'App\\Notifications\\LoginNotification', 'App\\Models\\User', 2, '{\"msg\":\"You\'re loggedin successfully\",\"type\":\"loggedin\"}', NULL, '2022-09-11 15:16:38', '2022-09-11 15:16:38'),
('87f4d0c9-030d-4c62-9bcd-e35e8ddfd31d', 'App\\Notifications\\LoginNotification', 'App\\Models\\User', 1, '{\"msg\":\"You\'re loggedin successfully\",\"type\":\"loggedin\"}', NULL, '2022-09-12 14:00:05', '2022-09-12 14:00:05'),
('8aa8bb59-5300-4a49-a477-2bb7fbf37e45', 'App\\Notifications\\AdCreateNotification', 'App\\Models\\User', 6, '{\"msg\":\"You\'re just created a ad\",\"type\":\"adcreate\",\"url\":\"https:\\/\\/dayagim-bastock.co.il\\/ad\\/details\\/best-electronics-device\"}', NULL, '2022-09-07 10:32:26', '2022-09-07 10:32:26'),
('8ba6ecfb-4a02-456a-aa17-74d6efe11a2e', 'App\\Notifications\\LogoutNotification', 'App\\Models\\User', 8, '{\"msg\":\"You\'re loggedout successfully\",\"type\":\"loggedout\"}', NULL, '2022-09-11 13:10:05', '2022-09-11 13:10:05'),
('8fc77b15-da8c-441f-b7c9-86512eaa6f54', 'App\\Notifications\\AdCreateNotification', 'App\\Models\\User', 1, '{\"msg\":\"You\'re just created a ad\",\"type\":\"adcreate\",\"url\":\"https:\\/\\/dayagim-bastock.co.il\\/ad\\/details\\/test-ads\"}', NULL, '2022-09-08 10:40:36', '2022-09-08 10:40:36'),
('92e807c2-1c98-45f6-9565-1c0a5b54bb72', 'App\\Notifications\\AdCreateNotification', 'App\\Models\\User', 10, '{\"msg\":\"You\'re just created an ad\",\"type\":\"adcreate\",\"url\":\"https:\\/\\/dayagim-bastock.co.il\\/ad\\/details\\/khmsh-mavt\"}', NULL, '2022-09-14 11:08:40', '2022-09-14 11:08:40'),
('9475e416-68d1-42ea-af88-7dc216fd832c', 'App\\Notifications\\AdCreateNotification', 'App\\Models\\User', 6, '{\"msg\":\"You\'re just created a ad\",\"type\":\"adcreate\",\"url\":\"https:\\/\\/dayagim-bastock.co.il\\/ad\\/details\\/test-ads-for-noaw\"}', NULL, '2022-09-07 10:43:27', '2022-09-07 10:43:27'),
('9926eac9-dd7f-4118-ba53-562f554bdfed', 'App\\Notifications\\AdWishlistNotification', 'App\\Models\\User', 2, '{\"msg\":\"Removed a ad from favourite list\",\"type\":\"added_to_favourite\",\"url\":\"https:\\/\\/dayagim-bastock.co.il\\/ad\\/details\\/bqrvb\"}', NULL, '2022-09-11 15:17:47', '2022-09-11 15:17:47'),
('9a0bbe74-695d-465e-9339-8d15a8d1c316', 'App\\Notifications\\LoginNotification', 'App\\Models\\User', 3, '{\"msg\":\"You\'re loggedin successfully\",\"type\":\"loggedin\"}', NULL, '2022-09-17 11:33:39', '2022-09-17 11:33:39'),
('9afaa950-5caa-4aa3-b140-ce6020e429c2', 'App\\Notifications\\AdWishlistNotification', 'App\\Models\\User', 4, '{\"msg\":\"Added a ad to favourite list\",\"type\":\"added_to_favourite\",\"url\":\"https:\\/\\/dayagim-bastock.co.il\\/ad\\/details\\/xiaomi-redmi-note-10s-864-new\"}', NULL, '2022-09-04 10:19:07', '2022-09-04 10:19:07'),
('a01fdf0c-bece-4d08-b32b-1d091aea9ced', 'App\\Notifications\\AdCreateNotification', 'App\\Models\\User', 15, '{\"msg\":\"You\'re just created an ad\",\"type\":\"adcreate\",\"url\":\"https:\\/\\/dayagim-bastock.co.il\\/ad\\/details\\/khdshh-bly-lbvr-dyrh\"}', NULL, '2022-09-18 08:38:41', '2022-09-18 08:38:41'),
('a4aad117-3f44-4dfb-94d6-97b5a31694e6', 'App\\Notifications\\LoginNotification', 'App\\Models\\User', 1, '{\"msg\":\"You\'re loggedin successfully\",\"type\":\"loggedin\"}', NULL, '2022-09-18 06:43:49', '2022-09-18 06:43:49'),
('a4fdce0a-805f-4081-ad83-1773c43cecee', 'App\\Notifications\\LoginNotification', 'App\\Models\\User', 4, '{\"msg\":\"You\'re loggedin successfully\",\"type\":\"loggedin\"}', NULL, '2022-09-14 11:00:42', '2022-09-14 11:00:42'),
('a879ba3d-5ef6-4c2c-87a5-d2f0ecf22b4a', 'App\\Notifications\\LoginNotification', 'App\\Models\\User', 3, '{\"msg\":\"You\'re loggedin successfully\",\"type\":\"loggedin\"}', NULL, '2022-09-09 01:12:05', '2022-09-09 01:12:05'),
('a9303688-ca70-4410-a49b-69c6a497ee1c', 'App\\Notifications\\AdCreateNotification', 'App\\Models\\User', 3, '{\"msg\":\"You\'re just created a ad\",\"type\":\"adcreate\",\"url\":\"https:\\/\\/dayagim-bastock.co.il\\/ad\\/details\"}', NULL, '2022-09-07 17:53:36', '2022-09-07 17:53:36'),
('a9a35c9a-7928-4fc0-a582-e7b5e66d5a70', 'App\\Notifications\\LogoutNotification', 'App\\Models\\User', 3, '{\"msg\":\"You\'re loggedout successfully\",\"type\":\"loggedout\"}', NULL, '2022-09-09 01:00:17', '2022-09-09 01:00:17'),
('aa3e397e-f663-44df-aa7c-488ae2245ae5', 'App\\Notifications\\AdUpdateNotification', 'App\\Models\\User', 4, '{\"msg\":\"You\'re just updated a ad\",\"type\":\"adupdate\",\"url\":\"https:\\/\\/dayagim-bastock.co.il\\/ad\\/details\\/xiaomi-redmi-note-10s-664-old\"}', NULL, '2022-09-04 10:03:35', '2022-09-04 10:03:35'),
('ac3b5fb3-c87a-410d-a863-e5a126cd408d', 'App\\Notifications\\LoginNotification', 'App\\Models\\User', 3, '{\"msg\":\"You\'re loggedin successfully\",\"type\":\"loggedin\"}', NULL, '2022-09-10 17:28:12', '2022-09-10 17:28:12'),
('af0ddd7e-ecff-438b-94f3-06802accc009', 'App\\Notifications\\LogoutNotification', 'App\\Models\\User', 13, '{\"msg\":\"You\'re loggedout successfully\",\"type\":\"loggedout\"}', NULL, '2022-09-17 18:33:19', '2022-09-17 18:33:19'),
('b1a1a9cb-704c-49d9-afef-342aff19f118', 'App\\Notifications\\AdDeleteNotification', 'App\\Models\\User', 1, '{\"msg\":\"You\'re just deleted a ad\",\"type\":\"addelete\"}', NULL, '2022-09-08 10:46:46', '2022-09-08 10:46:46'),
('bb5deb51-721c-4633-afe8-415ca147bf81', 'App\\Notifications\\LoginNotification', 'App\\Models\\User', 1, '{\"msg\":\"You\'re loggedin successfully\",\"type\":\"loggedin\"}', NULL, '2022-08-21 04:47:08', '2022-08-21 04:47:08'),
('bbc74a45-4265-4ded-acab-6c9e335d34e8', 'App\\Notifications\\LoginNotification', 'App\\Models\\User', 3, '{\"msg\":\"You\'re loggedin successfully\",\"type\":\"loggedin\"}', NULL, '2022-09-16 09:52:05', '2022-09-16 09:52:05'),
('c30b6d7f-0fe3-4ee4-afcd-8d6fc3cfc503', 'App\\Notifications\\AdWishlistNotification', 'App\\Models\\User', 2, '{\"msg\":\"Removed a ad from favourite list\",\"type\":\"added_to_favourite\",\"url\":\"https:\\/\\/dayagim-bastock.co.il\\/ad\\/details\\/bqrvb\"}', NULL, '2022-09-11 15:20:51', '2022-09-11 15:20:51'),
('cafdc90f-f746-4945-9ae4-241bd13ff8c0', 'App\\Notifications\\LoginNotification', 'App\\Models\\User', 10, '{\"msg\":\"You\'re loggedin successfully\",\"type\":\"loggedin\"}', NULL, '2022-09-14 08:06:31', '2022-09-14 08:06:31'),
('cfac9ab8-968c-47e7-a1c8-4b6025fe9dfe', 'App\\Notifications\\LoginNotification', 'App\\Models\\User', 3, '{\"msg\":\"You\'re loggedin successfully\",\"type\":\"loggedin\"}', NULL, '2022-09-07 07:12:21', '2022-09-07 07:12:21'),
('d2b71667-a5f4-4974-b269-77cd0b4e60d6', 'App\\Notifications\\AdCreateNotification', 'App\\Models\\User', 15, '{\"msg\":\"You\'re just created an ad\",\"type\":\"adcreate\",\"url\":\"https:\\/\\/dayagim-bastock.co.il\\/ad\\/details\\/qnyyt-hambtyh-hkhdshh-shlkm\"}', NULL, '2022-09-18 08:37:10', '2022-09-18 08:37:10'),
('d5349f92-9868-4655-8788-781cd1eaf7d4', 'App\\Notifications\\AdCreateNotification', 'App\\Models\\User', 1, '{\"msg\":\"You\'re just created a ad\",\"type\":\"adcreate\",\"url\":\"https:\\/\\/dayagim-bastock.co.il\\/ad\\/details\\/intex-seahawk-inflatable-boat\"}', NULL, '2022-09-08 11:28:07', '2022-09-08 11:28:07'),
('d577d873-ec2d-4030-bb6d-fdd2f77c858d', 'App\\Notifications\\LogoutNotification', 'App\\Models\\User', 4, '{\"msg\":\"You\'re loggedout successfully\",\"type\":\"loggedout\"}', NULL, '2022-09-14 11:01:00', '2022-09-14 11:01:00'),
('d63b56a9-9c83-471e-913c-3dde6577b918', 'App\\Notifications\\LogoutNotification', 'App\\Models\\User', 4, '{\"msg\":\"You\'re loggedout successfully\",\"type\":\"loggedout\"}', NULL, '2022-09-04 09:53:49', '2022-09-04 09:53:49'),
('d672f2ac-ad95-43d9-bbda-faa4d3dca763', 'App\\Notifications\\LoginNotification', 'App\\Models\\User', 3, '{\"msg\":\"You\'re loggedin successfully\",\"type\":\"loggedin\"}', NULL, '2022-09-05 08:11:50', '2022-09-05 08:11:50'),
('dcdc5264-04c7-4a6a-89cf-4f702f69ff09', 'App\\Notifications\\LoginNotification', 'App\\Models\\User', 1, '{\"msg\":\"You\'re loggedin successfully\",\"type\":\"loggedin\"}', NULL, '2022-09-08 10:37:50', '2022-09-08 10:37:50'),
('df28da78-c8d3-4dcf-add0-c42693ea150a', 'App\\Notifications\\AdCreateNotification', 'App\\Models\\User', 2, '{\"msg\":\"You\'re just created a ad\",\"type\":\"adcreate\",\"url\":\"http:\\/\\/dayagim-bastock.co.il\\/ad\\/details\\/xiaomi-redmi-note-10s-664-new\"}', NULL, '2022-09-04 05:09:58', '2022-09-04 05:09:58'),
('df454b7d-8bb1-400f-a923-bd46bdca1d3c', 'App\\Notifications\\AdUpdateNotification', 'App\\Models\\User', 4, '{\"msg\":\"You\'re just updated a ad\",\"type\":\"adupdate\",\"url\":\"https:\\/\\/dayagim-bastock.co.il\\/ad\\/details\\/xiaomi-redmi-note-10s-864-new\"}', NULL, '2022-09-04 10:13:21', '2022-09-04 10:13:21'),
('df7b5cea-dfed-479a-a71d-3ad213ed7885', 'App\\Notifications\\LoginNotification', 'App\\Models\\User', 3, '{\"msg\":\"You\'re loggedin successfully\",\"type\":\"loggedin\"}', NULL, '2022-09-07 17:41:06', '2022-09-07 17:41:06'),
('df9f7b34-b7e1-4e60-b0af-4f5befded612', 'App\\Notifications\\LogoutNotification', 'App\\Models\\User', 1, '{\"msg\":\"You\'re loggedout successfully\",\"type\":\"loggedout\"}', NULL, '2022-08-21 05:44:04', '2022-08-21 05:44:04'),
('e0db660b-2d3b-4753-a777-7b44dca66c87', 'App\\Notifications\\MembershipUpgradeNotification', 'App\\Models\\User', 6, '{\"msg\":\"Upgrade to Standard plan\",\"type\":\"plan_upgrade\"}', NULL, '2022-09-07 09:57:57', '2022-09-07 09:57:57'),
('e42b09eb-3630-42ef-bf85-7b3d72516b58', 'App\\Notifications\\LogoutNotification', 'App\\Models\\User', 1, '{\"msg\":\"You\'re loggedout successfully\",\"type\":\"loggedout\"}', NULL, '2022-09-12 13:59:41', '2022-09-12 13:59:41'),
('e4795ffa-61aa-4db1-9489-a7d3f98f2749', 'App\\Notifications\\AdCreateNotification', 'App\\Models\\User', 8, '{\"msg\":\"You\'re just created a ad\",\"type\":\"adcreate\",\"url\":\"https:\\/\\/dayagim-bastock.co.il\\/ad\\/details\"}', NULL, '2022-09-11 12:47:14', '2022-09-11 12:47:14'),
('e483ec39-84db-4b1b-9bbe-4a1803c446f2', 'App\\Notifications\\LogoutNotification', 'App\\Models\\User', 1, '{\"msg\":\"You\'re loggedout successfully\",\"type\":\"loggedout\"}', NULL, '2022-09-18 06:53:26', '2022-09-18 06:53:26'),
('e4c15846-e5ab-429a-be1e-b26f5673c1cd', 'App\\Notifications\\LogoutNotification', 'App\\Models\\User', 12, '{\"msg\":\"You\'re loggedout successfully\",\"type\":\"loggedout\"}', NULL, '2022-09-18 07:56:15', '2022-09-18 07:56:15'),
('e6f14fcf-52b7-4bcd-b989-bc475bbe560b', 'App\\Notifications\\AdCreateNotification', 'App\\Models\\User', 1, '{\"msg\":\"You\'re just created an ad\",\"type\":\"adcreate\",\"url\":\"https:\\/\\/dayagim-bastock.co.il\\/ad\\/details\\/hp-core-i3-3rd-gen-ram-4gb-hdd-500gb\"}', NULL, '2022-09-18 06:48:10', '2022-09-18 06:48:10'),
('ebb02fbe-3dc4-4047-832e-22ef51bed3e3', 'App\\Notifications\\MembershipUpgradeNotification', 'App\\Models\\User', 15, '{\"msg\":\"Upgrade to \\u05e4\\u05bc\\u05e8\\u05b6\\u05de\\u05d9\\u05b8\\u05d4 plan\",\"type\":\"plan_upgrade\"}', NULL, '2022-09-18 08:31:58', '2022-09-18 08:31:58'),
('f1a74c88-fe4c-444a-afb8-ecf46ba624e4', 'App\\Notifications\\AdCreateNotification', 'App\\Models\\User', 15, '{\"msg\":\"You\'re just created an ad\",\"type\":\"adcreate\",\"url\":\"https:\\/\\/dayagim-bastock.co.il\\/ad\\/details\\/4-dbrym-shkhshvb-lbdvq-lpny-qnyyt-hambtyh-hkhdshh\"}', NULL, '2022-09-18 08:28:31', '2022-09-18 08:28:31'),
('f2edaf8e-eec2-49c1-bd9f-88f3d50081fa', 'App\\Notifications\\AdCreateNotification', 'App\\Models\\User', 15, '{\"msg\":\"You\'re just created an ad\",\"type\":\"adcreate\",\"url\":\"https:\\/\\/dayagim-bastock.co.il\\/ad\\/details\\/mdydvt-btym-mqtsvyvt-lvmt-mdydvt-tsmayvt\"}', NULL, '2022-09-18 08:44:19', '2022-09-18 08:44:19'),
('f3b68333-fad4-4796-bfff-dc4605a9a3d0', 'App\\Notifications\\LogoutNotification', 'App\\Models\\User', 12, '{\"msg\":\"You\'re loggedout successfully\",\"type\":\"loggedout\"}', NULL, '2022-09-17 16:51:39', '2022-09-17 16:51:39'),
('f6bafd8a-8e1b-417e-add5-7f4ade65fe6b', 'App\\Notifications\\MembershipUpgradeNotification', 'App\\Models\\User', 1, '{\"msg\":\"Upgrade to Standard plan\",\"type\":\"plan_upgrade\"}', NULL, '2022-09-08 10:52:29', '2022-09-08 10:52:29'),
('f6f7288f-58ea-4a2e-8d3a-30cc7ebd60f6', 'App\\Notifications\\LogoutNotification', 'App\\Models\\User', 7, '{\"msg\":\"You\'re loggedout successfully\",\"type\":\"loggedout\"}', NULL, '2022-09-11 15:16:06', '2022-09-11 15:16:06'),
('f790f60d-bf9f-4f56-a272-095875a882ee', 'App\\Notifications\\LogoutNotification', 'App\\Models\\User', 7, '{\"msg\":\"You\'re loggedout successfully\",\"type\":\"loggedout\"}', NULL, '2022-09-11 11:59:06', '2022-09-11 11:59:06'),
('fa0b1032-5183-4804-b8bc-b13a1a3c7ae1', 'App\\Notifications\\LoginNotification', 'App\\Models\\User', 3, '{\"msg\":\"You\'re loggedin successfully\",\"type\":\"loggedin\"}', NULL, '2022-09-17 16:38:30', '2022-09-17 16:38:30');

-- --------------------------------------------------------

--
-- Table structure for table `orders`
--

CREATE TABLE `orders` (
  `id` bigint(20) UNSIGNED NOT NULL,
  `name` varchar(255) COLLATE utf8mb4_unicode_ci DEFAULT NULL,
  `order_id` varchar(255) COLLATE utf8mb4_unicode_ci DEFAULT NULL,
  `email` varchar(255) COLLATE utf8mb4_unicode_ci DEFAULT NULL,
  `phone` varchar(255) COLLATE utf8mb4_unicode_ci DEFAULT NULL,
  `amount` double(8,2) DEFAULT NULL,
  `address` text COLLATE utf8mb4_unicode_ci DEFAULT NULL,
  `status` varchar(255) COLLATE utf8mb4_unicode_ci DEFAULT NULL,
  `transaction_id` varchar(255) COLLATE utf8mb4_unicode_ci DEFAULT NULL,
  `plan_id` int(11) DEFAULT NULL,
  `currency` varchar(255) COLLATE utf8mb4_unicode_ci DEFAULT NULL,
  `number` varchar(16) COLLATE utf8mb4_unicode_ci DEFAULT NULL,
  `total_price` decimal(10,2) DEFAULT NULL,
  `payment_status` enum('1','2','3') COLLATE utf8mb4_unicode_ci DEFAULT NULL COMMENT '1=Waiting for payment, 2=Already paid, 3=Expired',
  `snap_token` varchar(36) COLLATE utf8mb4_unicode_ci DEFAULT NULL,
  `created_at` timestamp NULL DEFAULT NULL,
  `updated_at` timestamp NULL DEFAULT NULL
) ENGINE=InnoDB DEFAULT CHARSET=utf8mb4 COLLATE=utf8mb4_unicode_ci;

-- --------------------------------------------------------

--
-- Table structure for table `password_resets`
--

CREATE TABLE `password_resets` (
  `email` varchar(255) COLLATE utf8mb4_unicode_ci NOT NULL,
  `token` varchar(255) COLLATE utf8mb4_unicode_ci NOT NULL,
  `created_at` timestamp NULL DEFAULT NULL
) ENGINE=InnoDB DEFAULT CHARSET=utf8mb4 COLLATE=utf8mb4_unicode_ci;

-- --------------------------------------------------------

--
-- Table structure for table `permissions`
--

CREATE TABLE `permissions` (
  `id` bigint(20) UNSIGNED NOT NULL,
  `name` varchar(255) COLLATE utf8mb4_unicode_ci NOT NULL,
  `guard_name` varchar(255) COLLATE utf8mb4_unicode_ci NOT NULL,
  `group_name` varchar(255) COLLATE utf8mb4_unicode_ci DEFAULT NULL,
  `created_at` timestamp NULL DEFAULT NULL,
  `updated_at` timestamp NULL DEFAULT NULL
) ENGINE=InnoDB DEFAULT CHARSET=utf8mb4 COLLATE=utf8mb4_unicode_ci;

--
-- Dumping data for table `permissions`
--

INSERT INTO `permissions` (`id`, `name`, `guard_name`, `group_name`, `created_at`, `updated_at`) VALUES
(1, 'dashboard.view', 'admin', 'dashboard', '2022-07-25 05:09:44', '2022-07-25 05:09:44'),
(2, 'admin.create', 'admin', 'admin', '2022-07-25 05:09:44', '2022-07-25 05:09:44'),
(3, 'admin.view', 'admin', 'admin', '2022-07-25 05:09:44', '2022-07-25 05:09:44'),
(4, 'admin.edit', 'admin', 'admin', '2022-07-25 05:09:44', '2022-07-25 05:09:44'),
(5, 'admin.delete', 'admin', 'admin', '2022-07-25 05:09:44', '2022-07-25 05:09:44'),
(6, 'role.create', 'admin', 'role', '2022-07-25 05:09:44', '2022-07-25 05:09:44'),
(7, 'role.view', 'admin', 'role', '2022-07-25 05:09:44', '2022-07-25 05:09:44'),
(8, 'role.edit', 'admin', 'role', '2022-07-25 05:09:44', '2022-07-25 05:09:44'),
(9, 'role.delete', 'admin', 'role', '2022-07-25 05:09:44', '2022-07-25 05:09:44'),
(10, 'map.create', 'admin', 'map', '2022-07-25 05:09:44', '2022-07-25 05:09:44'),
(11, 'map.view', 'admin', 'map', '2022-07-25 05:09:44', '2022-07-25 05:09:44'),
(12, 'map.edit', 'admin', 'map', '2022-07-25 05:09:44', '2022-07-25 05:09:44'),
(13, 'map.delete', 'admin', 'map', '2022-07-25 05:09:44', '2022-07-25 05:09:44'),
(14, 'profile.view', 'admin', 'profile', '2022-07-25 05:09:44', '2022-07-25 05:09:44'),
(15, 'profile.edit', 'admin', 'profile', '2022-07-25 05:09:44', '2022-07-25 05:09:44'),
(16, 'setting.view', 'admin', 'settings', '2022-07-25 05:09:44', '2022-07-25 05:09:44'),
(17, 'setting.update', 'admin', 'settings', '2022-07-25 05:09:44', '2022-07-25 05:09:44'),
(18, 'ad.create', 'admin', 'ad', '2022-07-25 05:09:44', '2022-07-25 05:09:44'),
(19, 'ad.view', 'admin', 'ad', '2022-07-25 05:09:44', '2022-07-25 05:09:44'),
(20, 'ad.update', 'admin', 'ad', '2022-07-25 05:09:44', '2022-07-25 05:09:44'),
(21, 'ad.delete', 'admin', 'ad', '2022-07-25 05:09:44', '2022-07-25 05:09:44'),
(22, 'category.create', 'admin', 'category', '2022-07-25 05:09:44', '2022-07-25 05:09:44'),
(23, 'category.view', 'admin', 'category', '2022-07-25 05:09:44', '2022-07-25 05:09:44'),
(24, 'category.update', 'admin', 'category', '2022-07-25 05:09:44', '2022-07-25 05:09:44'),
(25, 'category.delete', 'admin', 'category', '2022-07-25 05:09:44', '2022-07-25 05:09:44'),
(26, 'subcategory.create', 'admin', 'category', '2022-07-25 05:09:44', '2022-07-25 05:09:44'),
(27, 'subcategory.view', 'admin', 'category', '2022-07-25 05:09:44', '2022-07-25 05:09:44'),
(28, 'subcategory.update', 'admin', 'category', '2022-07-25 05:09:44', '2022-07-25 05:09:44'),
(29, 'subcategory.delete', 'admin', 'category', '2022-07-25 05:09:44', '2022-07-25 05:09:44'),
(30, 'custom-field.create', 'admin', 'custom-field', '2022-07-25 05:09:44', '2022-07-25 05:09:44'),
(31, 'custom-field.view', 'admin', 'custom-field', '2022-07-25 05:09:44', '2022-07-25 05:09:44'),
(32, 'custom-field.update', 'admin', 'custom-field', '2022-07-25 05:09:44', '2022-07-25 05:09:44'),
(33, 'custom-field.delete', 'admin', 'custom-field', '2022-07-25 05:09:44', '2022-07-25 05:09:44'),
(34, 'custom-field-group.create', 'admin', 'custom-field', '2022-07-25 05:09:44', '2022-07-25 05:09:44'),
(35, 'custom-field-group.view', 'admin', 'custom-field', '2022-07-25 05:09:44', '2022-07-25 05:09:44'),
(36, 'custom-field-group.update', 'admin', 'custom-field', '2022-07-25 05:09:44', '2022-07-25 05:09:44'),
(37, 'custom-field-group.delete', 'admin', 'custom-field', '2022-07-25 05:09:44', '2022-07-25 05:09:44'),
(38, 'newsletter.view', 'admin', 'newsletter', '2022-07-25 05:09:44', '2022-07-25 05:09:44'),
(39, 'newsletter.mailsend', 'admin', 'newsletter', '2022-07-25 05:09:44', '2022-07-25 05:09:44'),
(40, 'newsletter.delete', 'admin', 'newsletter', '2022-07-25 05:09:44', '2022-07-25 05:09:44'),
(41, 'brand.create', 'admin', 'brand', '2022-07-25 05:09:45', '2022-07-25 05:09:45'),
(42, 'brand.view', 'admin', 'brand', '2022-07-25 05:09:45', '2022-07-25 05:09:45'),
(43, 'brand.update', 'admin', 'brand', '2022-07-25 05:09:45', '2022-07-25 05:09:45'),
(44, 'brand.delete', 'admin', 'brand', '2022-07-25 05:09:45', '2022-07-25 05:09:45'),
(45, 'plan.create', 'admin', 'plan', '2022-07-25 05:09:45', '2022-07-25 05:09:45'),
(46, 'plan.view', 'admin', 'plan', '2022-07-25 05:09:45', '2022-07-25 05:09:45'),
(47, 'plan.update', 'admin', 'plan', '2022-07-25 05:09:45', '2022-07-25 05:09:45'),
(48, 'plan.delete', 'admin', 'plan', '2022-07-25 05:09:45', '2022-07-25 05:09:45'),
(49, 'postcategory.create', 'admin', 'Blog', '2022-07-25 05:09:45', '2022-07-25 05:09:45'),
(50, 'postcategory.view', 'admin', 'Blog', '2022-07-25 05:09:45', '2022-07-25 05:09:45'),
(51, 'postcategory.update', 'admin', 'Blog', '2022-07-25 05:09:45', '2022-07-25 05:09:45'),
(52, 'postcategory.delete', 'admin', 'Blog', '2022-07-25 05:09:45', '2022-07-25 05:09:45'),
(53, 'post.create', 'admin', 'Blog', '2022-07-25 05:09:45', '2022-07-25 05:09:45'),
(54, 'post.view', 'admin', 'Blog', '2022-07-25 05:09:45', '2022-07-25 05:09:45'),
(55, 'post.update', 'admin', 'Blog', '2022-07-25 05:09:45', '2022-07-25 05:09:45'),
(56, 'post.delete', 'admin', 'Blog', '2022-07-25 05:09:45', '2022-07-25 05:09:45'),
(57, 'tag.create', 'admin', 'Blog', '2022-07-25 05:09:45', '2022-07-25 05:09:45'),
(58, 'tag.view', 'admin', 'Blog', '2022-07-25 05:09:45', '2022-07-25 05:09:45'),
(59, 'tag.update', 'admin', 'Blog', '2022-07-25 05:09:45', '2022-07-25 05:09:45'),
(60, 'tag.delete', 'admin', 'Blog', '2022-07-25 05:09:45', '2022-07-25 05:09:45'),
(61, 'testimonial.create', 'admin', 'testimonial', '2022-07-25 05:09:45', '2022-07-25 05:09:45'),
(62, 'testimonial.view', 'admin', 'testimonial', '2022-07-25 05:09:45', '2022-07-25 05:09:45'),
(63, 'testimonial.update', 'admin', 'testimonial', '2022-07-25 05:09:45', '2022-07-25 05:09:45'),
(64, 'testimonial.delete', 'admin', 'testimonial', '2022-07-25 05:09:45', '2022-07-25 05:09:45'),
(65, 'faqcategory.create', 'admin', 'faq', '2022-07-25 05:09:45', '2022-07-25 05:09:45'),
(66, 'faqcategory.view', 'admin', 'faq', '2022-07-25 05:09:45', '2022-07-25 05:09:45'),
(67, 'faqcategory.update', 'admin', 'faq', '2022-07-25 05:09:45', '2022-07-25 05:09:45'),
(68, 'faqcategory.delete', 'admin', 'faq', '2022-07-25 05:09:45', '2022-07-25 05:09:45'),
(69, 'faq.create', 'admin', 'faq', '2022-07-25 05:09:45', '2022-07-25 05:09:45'),
(70, 'faq.view', 'admin', 'faq', '2022-07-25 05:09:45', '2022-07-25 05:09:45'),
(71, 'faq.update', 'admin', 'faq', '2022-07-25 05:09:45', '2022-07-25 05:09:45'),
(72, 'faq.delete', 'admin', 'faq', '2022-07-25 05:09:45', '2022-07-25 05:09:45'),
(73, 'customer.view', 'admin', 'others', '2022-07-25 05:09:45', '2022-07-25 05:09:45'),
(74, 'contact.view', 'admin', 'others', '2022-07-25 05:09:45', '2022-07-25 05:09:45');

-- --------------------------------------------------------

--
-- Table structure for table `plans`
--

CREATE TABLE `plans` (
  `id` bigint(20) UNSIGNED NOT NULL,
  `label` varchar(255) COLLATE utf8mb4_unicode_ci NOT NULL,
  `price` double(8,2) NOT NULL,
  `ad_limit` int(11) NOT NULL,
  `featured_limit` int(11) NOT NULL,
  `badge` tinyint(1) NOT NULL,
  `recommended` tinyint(1) NOT NULL DEFAULT 0,
  `created_at` timestamp NULL DEFAULT NULL,
  `updated_at` timestamp NULL DEFAULT NULL,
  `interval` enum('monthly','yearly','custom_date') COLLATE utf8mb4_unicode_ci DEFAULT NULL,
  `custom_interval_days` bigint(20) UNSIGNED DEFAULT NULL
) ENGINE=InnoDB DEFAULT CHARSET=utf8mb4 COLLATE=utf8mb4_unicode_ci;

--
-- Dumping data for table `plans`
--

INSERT INTO `plans` (`id`, `label`, `price`, `ad_limit`, `featured_limit`, `badge`, `recommended`, `created_at`, `updated_at`, `interval`, `custom_interval_days`) VALUES
(1, 'בסיסי', 30.00, 35, 10, 0, 0, '2022-08-21 04:23:49', '2022-09-17 11:25:46', 'monthly', 15),
(2, 'תֶקֶן', 60.00, 40, 10, 1, 0, '2022-08-21 04:24:23', '2022-09-17 11:26:03', 'monthly', 15),
(3, 'פּרֶמיָה', 80.00, 50, 20, 1, 0, '2022-08-21 04:24:44', '2022-09-17 11:26:35', 'monthly', 15);

-- --------------------------------------------------------

--
-- Table structure for table `posts`
--

CREATE TABLE `posts` (
  `id` bigint(20) UNSIGNED NOT NULL,
  `category_id` bigint(20) UNSIGNED NOT NULL,
  `author_id` bigint(20) UNSIGNED NOT NULL,
  `title` varchar(255) COLLATE utf8mb4_unicode_ci NOT NULL,
  `slug` varchar(255) COLLATE utf8mb4_unicode_ci DEFAULT NULL,
  `image` varchar(255) COLLATE utf8mb4_unicode_ci DEFAULT NULL,
  `short_description` text COLLATE utf8mb4_unicode_ci NOT NULL,
  `description` longtext COLLATE utf8mb4_unicode_ci NOT NULL,
  `created_at` timestamp NULL DEFAULT NULL,
  `updated_at` timestamp NULL DEFAULT NULL
) ENGINE=InnoDB DEFAULT CHARSET=utf8mb4 COLLATE=utf8mb4_unicode_ci;

-- --------------------------------------------------------

--
-- Table structure for table `post_categories`
--

CREATE TABLE `post_categories` (
  `id` bigint(20) UNSIGNED NOT NULL,
  `name` varchar(255) COLLATE utf8mb4_unicode_ci NOT NULL,
  `slug` varchar(255) COLLATE utf8mb4_unicode_ci DEFAULT NULL,
  `image` varchar(255) COLLATE utf8mb4_unicode_ci DEFAULT NULL,
  `created_at` timestamp NULL DEFAULT NULL,
  `updated_at` timestamp NULL DEFAULT NULL
) ENGINE=InnoDB DEFAULT CHARSET=utf8mb4 COLLATE=utf8mb4_unicode_ci;

-- --------------------------------------------------------

--
-- Table structure for table `product_custom_fields`
--

CREATE TABLE `product_custom_fields` (
  `id` bigint(20) UNSIGNED NOT NULL,
  `ad_id` bigint(20) UNSIGNED NOT NULL,
  `custom_field_id` bigint(20) UNSIGNED NOT NULL,
  `custom_field_group_id` bigint(20) UNSIGNED NOT NULL,
  `value` varchar(255) COLLATE utf8mb4_unicode_ci NOT NULL,
  `order` int(11) NOT NULL DEFAULT 0,
  `created_at` timestamp NULL DEFAULT NULL,
  `updated_at` timestamp NULL DEFAULT NULL
) ENGINE=InnoDB DEFAULT CHARSET=utf8mb4 COLLATE=utf8mb4_unicode_ci;

--
-- Dumping data for table `product_custom_fields`
--

INSERT INTO `product_custom_fields` (`id`, `ad_id`, `custom_field_id`, `custom_field_group_id`, `value`, `order`, `created_at`, `updated_at`) VALUES
(3, 15, 2, 1, '2', 0, '2022-09-18 07:14:48', '2022-09-18 07:14:48'),
(4, 14, 2, 1, '', 0, '2022-09-18 07:19:53', '2022-09-18 07:19:53');

-- --------------------------------------------------------

--
-- Table structure for table `reports`
--

CREATE TABLE `reports` (
  `id` bigint(20) UNSIGNED NOT NULL,
  `report_from_id` bigint(20) UNSIGNED NOT NULL,
  `report_to_id` bigint(20) UNSIGNED NOT NULL,
  `reason` text COLLATE utf8mb4_unicode_ci NOT NULL,
  `created_at` timestamp NULL DEFAULT NULL,
  `updated_at` timestamp NULL DEFAULT NULL
) ENGINE=InnoDB DEFAULT CHARSET=utf8mb4 COLLATE=utf8mb4_unicode_ci;

-- --------------------------------------------------------

--
-- Table structure for table `reviews`
--

CREATE TABLE `reviews` (
  `id` bigint(20) UNSIGNED NOT NULL,
  `user_id` bigint(20) UNSIGNED NOT NULL,
  `stars` int(11) NOT NULL,
  `comment` longtext COLLATE utf8mb4_unicode_ci DEFAULT NULL,
  `status` tinyint(1) NOT NULL DEFAULT 1,
  `created_at` timestamp NULL DEFAULT NULL,
  `updated_at` timestamp NULL DEFAULT NULL
) ENGINE=InnoDB DEFAULT CHARSET=utf8mb4 COLLATE=utf8mb4_unicode_ci;

--
-- Dumping data for table `reviews`
--

INSERT INTO `reviews` (`id`, `user_id`, `stars`, `comment`, `status`, `created_at`, `updated_at`) VALUES
(1, 5, 4, 'Good product', 1, '2022-09-04 09:55:47', '2022-09-04 09:55:47'),
(2, 5, 4, 'Good', 1, '2022-09-04 09:55:59', '2022-09-04 09:55:59');

-- --------------------------------------------------------

--
-- Table structure for table `roles`
--

CREATE TABLE `roles` (
  `id` bigint(20) UNSIGNED NOT NULL,
  `name` varchar(255) COLLATE utf8mb4_unicode_ci NOT NULL,
  `guard_name` varchar(255) COLLATE utf8mb4_unicode_ci NOT NULL,
  `created_at` timestamp NULL DEFAULT NULL,
  `updated_at` timestamp NULL DEFAULT NULL
) ENGINE=InnoDB DEFAULT CHARSET=utf8mb4 COLLATE=utf8mb4_unicode_ci;

--
-- Dumping data for table `roles`
--

INSERT INTO `roles` (`id`, `name`, `guard_name`, `created_at`, `updated_at`) VALUES
(1, 'superadmin', 'admin', '2022-07-25 05:09:44', '2022-07-25 05:09:44'),
(2, 'Editor', 'admin', '2022-08-21 05:32:14', '2022-08-21 05:32:14');

-- --------------------------------------------------------

--
-- Table structure for table `role_has_permissions`
--

CREATE TABLE `role_has_permissions` (
  `permission_id` bigint(20) UNSIGNED NOT NULL,
  `role_id` bigint(20) UNSIGNED NOT NULL
) ENGINE=InnoDB DEFAULT CHARSET=utf8mb4 COLLATE=utf8mb4_unicode_ci;

--
-- Dumping data for table `role_has_permissions`
--

INSERT INTO `role_has_permissions` (`permission_id`, `role_id`) VALUES
(1, 1),
(2, 1),
(3, 1),
(4, 1),
(5, 1),
(6, 1),
(7, 1),
(8, 1),
(9, 1),
(10, 1),
(11, 1),
(12, 1),
(13, 1),
(14, 1),
(15, 1),
(16, 1),
(17, 1),
(18, 1),
(18, 2),
(19, 1),
(19, 2),
(20, 1),
(20, 2),
(21, 1),
(21, 2),
(22, 1),
(23, 1),
(24, 1),
(25, 1),
(26, 1),
(27, 1),
(28, 1),
(29, 1),
(30, 1),
(31, 1),
(32, 1),
(33, 1),
(34, 1),
(35, 1),
(36, 1),
(37, 1),
(38, 1),
(39, 1),
(40, 1),
(41, 1),
(42, 1),
(43, 1),
(44, 1),
(45, 1),
(46, 1),
(47, 1),
(48, 1),
(49, 1),
(50, 1),
(51, 1),
(52, 1),
(53, 1),
(54, 1),
(55, 1),
(56, 1),
(57, 1),
(58, 1),
(59, 1),
(60, 1),
(61, 1),
(61, 2),
(62, 1),
(62, 2),
(63, 1),
(63, 2),
(64, 1),
(64, 2),
(65, 1),
(66, 1),
(67, 1),
(68, 1),
(69, 1),
(70, 1),
(71, 1),
(72, 1),
(73, 1),
(74, 1);

-- --------------------------------------------------------

--
-- Table structure for table `seos`
--

CREATE TABLE `seos` (
  `id` bigint(20) UNSIGNED NOT NULL,
  `page_slug` varchar(255) COLLATE utf8mb4_unicode_ci NOT NULL,
  `title` varchar(255) COLLATE utf8mb4_unicode_ci DEFAULT NULL,
  `description` text COLLATE utf8mb4_unicode_ci DEFAULT NULL,
  `image` varchar(255) COLLATE utf8mb4_unicode_ci DEFAULT NULL,
  `created_at` timestamp NULL DEFAULT NULL,
  `updated_at` timestamp NULL DEFAULT NULL
) ENGINE=InnoDB DEFAULT CHARSET=utf8mb4 COLLATE=utf8mb4_unicode_ci;

--
-- Dumping data for table `seos`
--

INSERT INTO `seos` (`id`, `page_slug`, `title`, `description`, `image`, `created_at`, `updated_at`) VALUES
(1, 'home', 'Welcome To Dayagim-bastock', 'Dayagim-bastock is a fishing classified in Israel. ', 'backend/image/default.png', '2022-07-25 05:09:47', '2022-07-25 05:09:47'),
(2, 'about', 'About', 'Dayagim-bastock is a fishing classified in Israel. ', 'backend/image/default.png', '2022-07-25 05:09:47', '2022-07-25 05:09:47'),
(3, 'contact', 'About', 'Dayagim-bastock is a fishing classified in Israel. ', 'backend/image/default.png', '2022-07-25 05:09:47', '2022-07-25 05:09:47'),
(4, 'ads', 'Ads', 'Dayagim-bastock is a fishing classified in Israel. ', 'backend/image/default.png', '2022-07-25 05:09:47', '2022-07-25 05:09:47'),
(5, 'blog', 'Blog', 'Dayagim-bastock is a fishing classified in Israel. ', 'backend/image/default.png', '2022-07-25 05:09:47', '2022-07-25 05:09:47'),
(6, 'pricing', 'Pricing', 'Dayagim-bastock is a fishing classified in Israel. ', 'backend/image/default.png', '2022-07-25 05:09:47', '2022-07-25 05:09:47'),
(7, 'login', 'Login', 'Dayagim-bastock is a fishing classified in Israel. ', 'backend/image/default.png', '2022-07-25 05:09:47', '2022-07-25 05:09:47'),
(8, 'register', 'Register', 'Dayagim-bastock is a fishing classified in Israel. ', 'backend/image/default.png', '2022-07-25 05:09:47', '2022-07-25 05:09:47'),
(9, 'faq', 'FAQ', 'Dayagim-bastock is a fishing classified in Israel. ', 'backend/image/default.png', '2022-07-25 05:09:47', '2022-07-25 05:09:47');

-- --------------------------------------------------------

--
-- Table structure for table `settings`
--

CREATE TABLE `settings` (
  `id` bigint(20) UNSIGNED NOT NULL,
  `logo_image` varchar(255) COLLATE utf8mb4_unicode_ci DEFAULT NULL,
  `white_logo` varchar(255) COLLATE utf8mb4_unicode_ci DEFAULT NULL,
  `favicon_image` varchar(255) COLLATE utf8mb4_unicode_ci DEFAULT NULL,
  `header_css` varchar(255) COLLATE utf8mb4_unicode_ci DEFAULT NULL,
  `header_script` varchar(255) COLLATE utf8mb4_unicode_ci DEFAULT NULL,
  `body_script` varchar(255) COLLATE utf8mb4_unicode_ci DEFAULT NULL,
  `free_featured_ad_limit` int(11) NOT NULL DEFAULT 3,
  `regular_ads_homepage` tinyint(1) NOT NULL DEFAULT 0,
  `featured_ads_homepage` tinyint(1) NOT NULL DEFAULT 1,
  `customer_email_verification` tinyint(1) NOT NULL DEFAULT 0,
  `maximum_ad_image_limit` int(10) UNSIGNED NOT NULL DEFAULT 5,
  `subscription_type` enum('one_time','recurring') COLLATE utf8mb4_unicode_ci NOT NULL DEFAULT 'one_time',
  `ads_admin_approval` tinyint(1) NOT NULL DEFAULT 0,
  `free_ad_limit` int(11) NOT NULL DEFAULT 5,
  `sidebar_color` varchar(255) COLLATE utf8mb4_unicode_ci DEFAULT NULL,
  `nav_color` varchar(255) COLLATE utf8mb4_unicode_ci DEFAULT NULL,
  `sidebar_txt_color` varchar(255) COLLATE utf8mb4_unicode_ci DEFAULT NULL,
  `nav_txt_color` varchar(255) COLLATE utf8mb4_unicode_ci DEFAULT NULL,
  `main_color` varchar(255) COLLATE utf8mb4_unicode_ci DEFAULT NULL,
  `accent_color` varchar(255) COLLATE utf8mb4_unicode_ci DEFAULT NULL,
  `frontend_primary_color` varchar(255) COLLATE utf8mb4_unicode_ci DEFAULT NULL,
  `frontend_secondary_color` varchar(255) COLLATE utf8mb4_unicode_ci DEFAULT NULL,
  `dark_mode` tinyint(1) NOT NULL DEFAULT 0,
  `facebook_pixel` tinyint(1) NOT NULL DEFAULT 0,
  `google_analytics` tinyint(1) NOT NULL DEFAULT 0,
  `search_engine_indexing` tinyint(1) NOT NULL DEFAULT 1,
  `default_layout` tinyint(1) NOT NULL DEFAULT 1,
  `website_loader` tinyint(1) NOT NULL DEFAULT 1,
  `loader_image` varchar(255) COLLATE utf8mb4_unicode_ci DEFAULT NULL,
  `language_changing` tinyint(1) NOT NULL DEFAULT 1,
  `email_verification` tinyint(1) NOT NULL DEFAULT 0,
  `watermark_status` tinyint(1) NOT NULL DEFAULT 0,
  `watermark_type` enum('text','image') COLLATE utf8mb4_unicode_ci NOT NULL DEFAULT 'text',
  `watermark_text` varchar(255) COLLATE utf8mb4_unicode_ci NOT NULL DEFAULT 'ZakirSoft',
  `watermark_image` varchar(255) COLLATE utf8mb4_unicode_ci NOT NULL DEFAULT 'frontend/images/logo.png',
  `created_at` timestamp NULL DEFAULT NULL,
  `updated_at` timestamp NULL DEFAULT NULL,
  `default_map` enum('google-map','map-box') COLLATE utf8mb4_unicode_ci NOT NULL DEFAULT 'google-map',
  `google_map_key` varchar(255) COLLATE utf8mb4_unicode_ci DEFAULT NULL,
  `map_box_key` varchar(255) COLLATE utf8mb4_unicode_ci DEFAULT NULL,
  `default_long` double NOT NULL DEFAULT -100,
  `default_lat` double NOT NULL DEFAULT 40,
  `push_notification_status` tinyint(1) NOT NULL DEFAULT 1,
  `server_key` varchar(255) COLLATE utf8mb4_unicode_ci DEFAULT NULL,
  `api_key` varchar(255) COLLATE utf8mb4_unicode_ci DEFAULT NULL,
  `auth_domain` varchar(255) COLLATE utf8mb4_unicode_ci DEFAULT NULL,
  `project_id` varchar(255) COLLATE utf8mb4_unicode_ci DEFAULT NULL,
  `storage_bucket` varchar(255) COLLATE utf8mb4_unicode_ci DEFAULT NULL,
  `messaging_sender_id` varchar(255) COLLATE utf8mb4_unicode_ci DEFAULT NULL,
  `app_id` varchar(255) COLLATE utf8mb4_unicode_ci DEFAULT NULL,
  `measurement_id` varchar(255) COLLATE utf8mb4_unicode_ci DEFAULT NULL,
  `facebook` varchar(255) COLLATE utf8mb4_unicode_ci DEFAULT NULL,
  `twitter` varchar(255) COLLATE utf8mb4_unicode_ci DEFAULT NULL,
  `instagram` varchar(255) COLLATE utf8mb4_unicode_ci DEFAULT NULL,
  `linkedin` varchar(255) COLLATE utf8mb4_unicode_ci DEFAULT NULL,
  `youtube` varchar(255) COLLATE utf8mb4_unicode_ci DEFAULT NULL,
  `whatsapp` varchar(255) COLLATE utf8mb4_unicode_ci DEFAULT NULL
) ENGINE=InnoDB DEFAULT CHARSET=utf8mb4 COLLATE=utf8mb4_unicode_ci;

--
-- Dumping data for table `settings`
--

INSERT INTO `settings` (`id`, `logo_image`, `white_logo`, `favicon_image`, `header_css`, `header_script`, `body_script`, `free_featured_ad_limit`, `regular_ads_homepage`, `featured_ads_homepage`, `customer_email_verification`, `maximum_ad_image_limit`, `subscription_type`, `ads_admin_approval`, `free_ad_limit`, `sidebar_color`, `nav_color`, `sidebar_txt_color`, `nav_txt_color`, `main_color`, `accent_color`, `frontend_primary_color`, `frontend_secondary_color`, `dark_mode`, `facebook_pixel`, `google_analytics`, `search_engine_indexing`, `default_layout`, `website_loader`, `loader_image`, `language_changing`, `email_verification`, `watermark_status`, `watermark_type`, `watermark_text`, `watermark_image`, `created_at`, `updated_at`, `default_map`, `google_map_key`, `map_box_key`, `default_long`, `default_lat`, `push_notification_status`, `server_key`, `api_key`, `auth_domain`, `project_id`, `storage_bucket`, `messaging_sender_id`, `app_id`, `measurement_id`, `facebook`, `twitter`, `instagram`, `linkedin`, `youtube`, `whatsapp`) VALUES
(1, 'uploads/app/logo/vw2ASbYvDekR7GMGJc2W8dcWCGTnIKlRLPK6h1ID.png', 'uploads/app/logo/J8gOeJ9PQERAGw3csFhczWvzSKwXPVsBYUdVCGcF.png', 'uploads/app/logo/8CX0YlOybGx8P7YvZ5hmhro5tmEHxRVqrtYHF3um.png', NULL, NULL, NULL, 1, 1, 1, 0, 5, 'recurring', 0, 3, '#022446', '#0a243e', '#e0e9f2', '#e0e9f2', '#05c279', '#ffc107', '#05c279', '#ffc107', 0, 0, 0, 1, 1, 0, NULL, 0, 0, 1, 'image', 'Arobil', 'uploads/watermark/1662556526_6318996e06f46.png', '2022-07-25 05:09:45', '2022-09-18 12:09:11', 'google-map', 'AIzaSyA0gxkGb2UmHjxv9ftK8LjX9vQ-SnmJJ20', '', 35.2137, 31.7683, 0, 'your-server-key', 'your-api-key', 'your-auth-domain', 'your-project-id', 'your-storage-bucket', 'your-messaging-sender-id', 'your-app-id', 'your-measurement-id', 'https://facebook.com/mokaddesru', NULL, NULL, NULL, NULL, NULL);

-- --------------------------------------------------------

--
-- Table structure for table `setup_guides`
--

CREATE TABLE `setup_guides` (
  `id` bigint(20) UNSIGNED NOT NULL,
  `task_name` varchar(255) COLLATE utf8mb4_unicode_ci NOT NULL,
  `title` varchar(255) COLLATE utf8mb4_unicode_ci NOT NULL,
  `description` varchar(255) COLLATE utf8mb4_unicode_ci NOT NULL,
  `action_route` varchar(255) COLLATE utf8mb4_unicode_ci NOT NULL,
  `action_label` varchar(255) COLLATE utf8mb4_unicode_ci NOT NULL,
  `status` tinyint(1) NOT NULL DEFAULT 0,
  `created_at` timestamp NULL DEFAULT NULL,
  `updated_at` timestamp NULL DEFAULT NULL
) ENGINE=InnoDB DEFAULT CHARSET=utf8mb4 COLLATE=utf8mb4_unicode_ci;

--
-- Dumping data for table `setup_guides`
--

INSERT INTO `setup_guides` (`id`, `task_name`, `title`, `description`, `action_route`, `action_label`, `status`, `created_at`, `updated_at`) VALUES
(1, 'app_setting', 'App Information ', 'Add your app logo, name, description, owner and other information.', 'settings.general', 'Add App Information', 1, '2022-07-25 05:09:47', '2022-09-04 05:59:39'),
(2, 'smtp_setting', 'SMTP Configuration', 'Add your app logo, name, description, owner and other information.', 'settings.email', 'Add Mail Configuration', 0, '2022-07-25 05:09:47', '2022-07-25 05:09:47'),
(3, 'payment_setting', 'Enable Payment Method', 'Enable to payment methods to receive payments from your customer.', 'settings.payment', 'Add Payment', 1, '2022-07-25 05:09:47', '2022-09-07 09:53:52'),
(4, 'theme_setting', 'Customize Theme', 'Customize your theme to make your app look more attractive.', 'settings.theme', 'Customize Your App Now', 0, '2022-07-25 05:09:47', '2022-07-25 05:09:47'),
(5, 'map_setting', 'Map Configuration', 'Configure your map setting api to create ad in any location.', 'settings.system', 'Add Map API', 1, '2022-07-25 05:09:47', '2022-09-12 13:49:07'),
(6, 'pusher_setting', 'Pusher Configuration', 'Configure your pusher setting api for the chat application', 'settings.system', 'Add Pusher API', 0, '2022-07-25 05:09:47', '2022-07-25 05:09:47');

-- --------------------------------------------------------

--
-- Table structure for table `social_media`
--

CREATE TABLE `social_media` (
  `id` bigint(20) UNSIGNED NOT NULL,
  `user_id` bigint(20) UNSIGNED NOT NULL,
  `social_media` enum('facebook','twitter','instagram','youtube','linkedin','pinterest','reddit','github','other') COLLATE utf8mb4_unicode_ci NOT NULL,
  `url` varchar(255) COLLATE utf8mb4_unicode_ci NOT NULL,
  `created_at` timestamp NULL DEFAULT NULL,
  `updated_at` timestamp NULL DEFAULT NULL
) ENGINE=InnoDB DEFAULT CHARSET=utf8mb4 COLLATE=utf8mb4_unicode_ci;

--
-- Dumping data for table `social_media`
--

INSERT INTO `social_media` (`id`, `user_id`, `social_media`, `url`, `created_at`, `updated_at`) VALUES
(1, 4, 'facebook', 'https://www.google.com/search?q=an+ad+or+a+ad&rlz=1C1CHBF_enBD1011BD1011&oq=an+ad+or+a+ad&aqs=chrome.0.0i512j0i22i30j0i390j69i60l3.11544j0j7&sourceid=chrome&ie=UTF-8', '2022-09-04 10:00:41', '2022-09-04 10:00:41');

-- --------------------------------------------------------

--
-- Table structure for table `sub_categories`
--

CREATE TABLE `sub_categories` (
  `id` bigint(20) UNSIGNED NOT NULL,
  `category_id` bigint(20) UNSIGNED NOT NULL,
  `name` varchar(255) COLLATE utf8mb4_unicode_ci NOT NULL,
  `slug` varchar(255) COLLATE utf8mb4_unicode_ci NOT NULL,
  `status` tinyint(1) NOT NULL DEFAULT 1,
  `created_at` timestamp NULL DEFAULT NULL,
  `updated_at` timestamp NULL DEFAULT NULL
) ENGINE=InnoDB DEFAULT CHARSET=utf8mb4 COLLATE=utf8mb4_unicode_ci;

--
-- Dumping data for table `sub_categories`
--

INSERT INTO `sub_categories` (`id`, `category_id`, `name`, `slug`, `status`, `created_at`, `updated_at`) VALUES
(4, 14, 'צלילה/רובי דייג/אביזרים', '', 1, '2022-09-08 08:23:23', '2022-09-08 08:23:23'),
(5, 16, 'קרסים/סוויבלים/סיכות', '', 1, '2022-09-08 08:24:25', '2022-09-08 08:24:25'),
(6, 16, 'מצופים/בומבט', '', 1, '2022-09-08 08:24:53', '2022-09-08 08:24:53'),
(7, 16, 'פעמונים/צפצפות', '', 1, '2022-09-08 08:25:14', '2022-09-08 08:25:14'),
(8, 16, 'קפיצים/מלכודות', '', 1, '2022-09-08 08:27:07', '2022-09-08 08:27:07'),
(9, 16, 'עופרות/משקולות', '', 1, '2022-09-08 08:27:23', '2022-09-08 08:27:23'),
(10, 16, 'סטופרים/חרוזים', '', 1, '2022-09-08 08:27:43', '2022-09-08 08:27:43'),
(11, 16, 'קופסאות/תיקים', '', 1, '2022-09-08 08:28:19', '2022-09-08 08:28:19'),
(12, 16, 'פנסי ראש/פרוז’קטורים', '', 1, '2022-09-08 08:29:21', '2022-09-08 08:29:21'),
(13, 16, 'סטנדים/Rod-Pod', 'rod-pod', 1, '2022-09-08 08:29:38', '2022-09-08 08:29:38'),
(14, 16, 'סל דגים/שחילר/רשת הרמה/גנץ', '', 1, '2022-09-08 08:29:59', '2022-09-08 08:29:59'),
(15, 16, 'גריפרים/מלקחיים/פליירים/מספריים', '', 1, '2022-09-08 08:30:14', '2022-09-08 08:30:14'),
(16, 16, 'ווסטים/סרבלים/מגפיים/מעילים/כפפות', '', 1, '2022-09-08 08:30:28', '2022-09-08 08:30:28'),
(17, 16, 'ביגוד לדייג', '', 1, '2022-09-08 08:30:48', '2022-09-08 08:30:48'),
(18, 16, 'אחר', '', 1, '2022-09-08 08:31:00', '2022-09-08 08:31:00'),
(19, 18, 'אוהלים/מטריות/מחצלות/ערסלים', '', 1, '2022-09-08 08:31:23', '2022-09-08 08:31:23'),
(20, 18, 'שקי שינה/מזרונים/כריות', '', 1, '2022-09-08 08:31:50', '2022-09-08 08:31:50'),
(21, 18, 'ביגוד לשטח', '', 1, '2022-09-08 08:32:07', '2022-09-08 08:32:07'),
(22, 18, 'שולחנות/כיסאות', '', 1, '2022-09-08 08:32:21', '2022-09-08 08:32:21'),
(23, 18, 'תכשירים לשטח', '', 1, '2022-09-08 08:32:37', '2022-09-08 08:32:37'),
(24, 18, 'עגלות שטח', '', 1, '2022-09-08 08:32:52', '2022-09-08 08:32:52'),
(25, 18, 'גנטרטורים', '', 1, '2022-09-08 08:33:06', '2022-09-08 08:33:06'),
(26, 18, 'שעוני יד', '', 1, '2022-09-08 08:33:20', '2022-09-08 08:33:20'),
(27, 18, 'מצלמות', '', 1, '2022-09-08 08:33:33', '2022-09-08 08:33:33'),
(28, 18, 'מטענים/סוללות', '', 1, '2022-09-08 08:33:46', '2022-09-08 08:33:46'),
(29, 18, 'פנסי ראש ויד/פרוז’קטורים', '', 1, '2022-09-08 08:34:04', '2022-09-08 08:34:04'),
(30, 19, 'תיקים/תרמלים/מזוודות', '', 1, '2022-09-08 08:34:52', '2022-09-08 08:34:52'),
(31, 19, 'מנגלים/אביזרים', '', 1, '2022-09-08 08:35:10', '2022-09-08 08:35:10'),
(32, 19, 'כלי בישול', '', 1, '2022-09-08 08:35:24', '2022-09-08 08:35:24'),
(33, 19, 'צידניות', '', 1, '2022-09-08 08:35:37', '2022-09-08 08:35:37'),
(34, 20, 'מדוזה', 'mdvzh', 1, '2022-09-10 09:03:23', '2022-09-10 09:03:23');

-- --------------------------------------------------------

--
-- Table structure for table `testimonials`
--

CREATE TABLE `testimonials` (
  `id` bigint(20) UNSIGNED NOT NULL,
  `name` varchar(255) COLLATE utf8mb4_unicode_ci NOT NULL,
  `position` varchar(255) COLLATE utf8mb4_unicode_ci NOT NULL,
  `description` text COLLATE utf8mb4_unicode_ci NOT NULL,
  `image` varchar(255) COLLATE utf8mb4_unicode_ci DEFAULT NULL,
  `stars` int(11) NOT NULL,
  `created_at` timestamp NULL DEFAULT NULL,
  `updated_at` timestamp NULL DEFAULT NULL
) ENGINE=InnoDB DEFAULT CHARSET=utf8mb4 COLLATE=utf8mb4_unicode_ci;

--
-- Dumping data for table `testimonials`
--

INSERT INTO `testimonials` (`id`, `name`, `position`, `description`, `image`, `stars`, `created_at`, `updated_at`) VALUES
(1, 'קמרול', 'כותב תוכן', 'הוא פשוט טקסט דמה של תעשיית הדפוס והקביעה. Lorem Ipsum היה טקסט הדמה הסטנדרטי של התעשייה מאז שנות ה-1500, כאשר מדפסת לא ידועה לקחה גלריה של סוג וערבכה אותה כדי ליצור ספר דגימות סוג. הוא שרד לא רק חמש מאות שנים, אלא גם את הקפיצה לתוך כתיבה אלקטרונית, שנותרה ללא שינוי. זה זכה לפופולריות בשנות ה-60 עם שחרורו של גיליונות Letraset המכילים קטעי Lorem Ipsum, ולאחרונה עם תוכנות לפרסום שולחני כמו Aldus PageMaker, כולל גרסאות של Lorem Ipsum.', NULL, 5, '2022-08-22 00:40:55', '2022-09-17 11:55:15'),
(2, 'ג\'ון דו', 'מפתח', 'הוא פשוט טקסט דמה של תעשיית הדפוס והקביעה. Lorem Ipsum היה טקסט הדמה הסטנדרטי של התעשייה מאז שנות ה-1500, כאשר מדפסת לא ידועה לקחה גלריה של סוג וערבכה אותה כדי ליצור ספר דגימות סוג. הוא שרד לא רק חמש מאות שנים, אלא גם את הקפיצה לתוך כתיבה אלקטרונית, שנותרה ללא שינוי. זה זכה לפופולריות בשנות ה-60 עם שחרורו של גיליונות Letraset המכילים קטעי Lorem Ipsum, ולאחרונה עם תוכנות לפרסום שולחני כמו Aldus PageMaker, כולל גרסאות של Lorem Ipsum.', 'uploads/testimonial\\1y4RlSiIJ4n0J0pWY0jLcRTiM7r3peT6OKX4OR5j.jpg', 5, '2022-08-22 00:41:18', '2022-09-17 11:55:03');

-- --------------------------------------------------------

--
-- Table structure for table `themes`
--

CREATE TABLE `themes` (
  `id` bigint(20) UNSIGNED NOT NULL,
  `home_page` tinyint(4) NOT NULL DEFAULT 1,
  `created_at` timestamp NULL DEFAULT NULL,
  `updated_at` timestamp NULL DEFAULT NULL
) ENGINE=InnoDB DEFAULT CHARSET=utf8mb4 COLLATE=utf8mb4_unicode_ci;

-- --------------------------------------------------------

--
-- Table structure for table `timezones`
--

CREATE TABLE `timezones` (
  `id` bigint(20) UNSIGNED NOT NULL,
  `value` varchar(255) COLLATE utf8mb4_unicode_ci NOT NULL
) ENGINE=InnoDB DEFAULT CHARSET=utf8mb4 COLLATE=utf8mb4_unicode_ci;

--
-- Dumping data for table `timezones`
--

INSERT INTO `timezones` (`id`, `value`) VALUES
(1, 'Africa/Abidjan'),
(2, 'Africa/Accra'),
(3, 'Africa/Addis_Ababa'),
(4, 'Africa/Algiers'),
(5, 'Africa/Asmara'),
(6, 'Africa/Bamako'),
(7, 'Africa/Bangui'),
(8, 'Africa/Banjul'),
(9, 'Africa/Bissau'),
(10, 'Africa/Blantyre'),
(11, 'Africa/Brazzaville'),
(12, 'Africa/Bujumbura'),
(13, 'Africa/Cairo'),
(14, 'Africa/Casablanca'),
(15, 'Africa/Ceuta'),
(16, 'Africa/Conakry'),
(17, 'Africa/Dakar'),
(18, 'Africa/Dar_es_Salaam'),
(19, 'Africa/Djibouti'),
(20, 'Africa/Douala'),
(21, 'Africa/El_Aaiun'),
(22, 'Africa/Freetown'),
(23, 'Africa/Gaborone'),
(24, 'Africa/Harare'),
(25, 'Africa/Johannesburg'),
(26, 'Africa/Juba'),
(27, 'Africa/Kampala'),
(28, 'Africa/Khartoum'),
(29, 'Africa/Kigali'),
(30, 'Africa/Kinshasa'),
(31, 'Africa/Lagos'),
(32, 'Africa/Libreville'),
(33, 'Africa/Lome'),
(34, 'Africa/Luanda'),
(35, 'Africa/Lubumbashi'),
(36, 'Africa/Lusaka'),
(37, 'Africa/Malabo'),
(38, 'Africa/Maputo'),
(39, 'Africa/Maseru'),
(40, 'Africa/Mbabane'),
(41, 'Africa/Mogadishu'),
(42, 'Africa/Monrovia'),
(43, 'Africa/Nairobi'),
(44, 'Africa/Ndjamena'),
(45, 'Africa/Niamey'),
(46, 'Africa/Nouakchott'),
(47, 'Africa/Ouagadougou'),
(48, 'Africa/Porto-Novo'),
(49, 'Africa/Sao_Tome'),
(50, 'Africa/Tripoli'),
(51, 'Africa/Tunis'),
(52, 'Africa/Windhoek'),
(53, 'America/Adak'),
(54, 'America/Anchorage'),
(55, 'America/Anguilla'),
(56, 'America/Antigua'),
(57, 'America/Araguaina'),
(58, 'America/Argentina/Buenos_Aires'),
(59, 'America/Argentina/Catamarca'),
(60, 'America/Argentina/Cordoba'),
(61, 'America/Argentina/Jujuy'),
(62, 'America/Argentina/La_Rioja'),
(63, 'America/Argentina/Mendoza'),
(64, 'America/Argentina/Rio_Gallegos'),
(65, 'America/Argentina/Salta'),
(66, 'America/Argentina/San_Juan'),
(67, 'America/Argentina/San_Luis'),
(68, 'America/Argentina/Tucuman'),
(69, 'America/Argentina/Ushuaia'),
(70, 'America/Aruba'),
(71, 'America/Asuncion'),
(72, 'America/Atikokan'),
(73, 'America/Bahia'),
(74, 'America/Bahia_Banderas'),
(75, 'America/Barbados'),
(76, 'America/Belem'),
(77, 'America/Belize'),
(78, 'America/Blanc-Sablon'),
(79, 'America/Boa_Vista'),
(80, 'America/Bogota'),
(81, 'America/Boise'),
(82, 'America/Cambridge_Bay'),
(83, 'America/Campo_Grande'),
(84, 'America/Cancun'),
(85, 'America/Caracas'),
(86, 'America/Cayenne'),
(87, 'America/Cayman'),
(88, 'America/Chicago'),
(89, 'America/Chihuahua'),
(90, 'America/Costa_Rica'),
(91, 'America/Creston'),
(92, 'America/Cuiaba'),
(93, 'America/Curacao'),
(94, 'America/Danmarkshavn'),
(95, 'America/Dawson'),
(96, 'America/Dawson_Creek'),
(97, 'America/Denver'),
(98, 'America/Detroit'),
(99, 'America/Dominica'),
(100, 'America/Edmonton'),
(101, 'America/Eirunepe'),
(102, 'America/El_Salvador'),
(103, 'America/Fort_Nelson'),
(104, 'America/Fortaleza'),
(105, 'America/Glace_Bay'),
(106, 'America/Goose_Bay'),
(107, 'America/Grand_Turk'),
(108, 'America/Grenada'),
(109, 'America/Guadeloupe'),
(110, 'America/Guatemala'),
(111, 'America/Guayaquil'),
(112, 'America/Guyana'),
(113, 'America/Halifax'),
(114, 'America/Havana'),
(115, 'America/Hermosillo'),
(116, 'America/Indiana/Indianapolis'),
(117, 'America/Indiana/Knox'),
(118, 'America/Indiana/Marengo'),
(119, 'America/Indiana/Petersburg'),
(120, 'America/Indiana/Tell_City'),
(121, 'America/Indiana/Vevay'),
(122, 'America/Indiana/Vincennes'),
(123, 'America/Indiana/Winamac'),
(124, 'America/Inuvik'),
(125, 'America/Iqaluit'),
(126, 'America/Jamaica'),
(127, 'America/Juneau'),
(128, 'America/Kentucky/Louisville'),
(129, 'America/Kentucky/Monticello'),
(130, 'America/Kralendijk'),
(131, 'America/La_Paz'),
(132, 'America/Lima'),
(133, 'America/Los_Angeles'),
(134, 'America/Lower_Princes'),
(135, 'America/Maceio'),
(136, 'America/Managua'),
(137, 'America/Manaus'),
(138, 'America/Marigot'),
(139, 'America/Martinique'),
(140, 'America/Matamoros'),
(141, 'America/Mazatlan'),
(142, 'America/Menominee'),
(143, 'America/Merida'),
(144, 'America/Metlakatla'),
(145, 'America/Mexico_City'),
(146, 'America/Miquelon'),
(147, 'America/Moncton'),
(148, 'America/Monterrey'),
(149, 'America/Montevideo'),
(150, 'America/Montserrat'),
(151, 'America/Nassau'),
(152, 'America/New_York'),
(153, 'America/Nipigon'),
(154, 'America/Nome'),
(155, 'America/Noronha'),
(156, 'America/North_Dakota/Beulah'),
(157, 'America/North_Dakota/Center'),
(158, 'America/North_Dakota/New_Salem'),
(159, 'America/Nuuk'),
(160, 'America/Ojinaga'),
(161, 'America/Panama'),
(162, 'America/Pangnirtung'),
(163, 'America/Paramaribo'),
(164, 'America/Phoenix'),
(165, 'America/Port-au-Prince'),
(166, 'America/Port_of_Spain'),
(167, 'America/Porto_Velho'),
(168, 'America/Puerto_Rico'),
(169, 'America/Punta_Arenas'),
(170, 'America/Rainy_River'),
(171, 'America/Rankin_Inlet'),
(172, 'America/Recife'),
(173, 'America/Regina'),
(174, 'America/Resolute'),
(175, 'America/Rio_Branco'),
(176, 'America/Santarem'),
(177, 'America/Santiago'),
(178, 'America/Santo_Domingo'),
(179, 'America/Sao_Paulo'),
(180, 'America/Scoresbysund'),
(181, 'America/Sitka'),
(182, 'America/St_Barthelemy'),
(183, 'America/St_Johns'),
(184, 'America/St_Kitts'),
(185, 'America/St_Lucia'),
(186, 'America/St_Thomas'),
(187, 'America/St_Vincent'),
(188, 'America/Swift_Current'),
(189, 'America/Tegucigalpa'),
(190, 'America/Thule'),
(191, 'America/Thunder_Bay'),
(192, 'America/Tijuana'),
(193, 'America/Toronto'),
(194, 'America/Tortola'),
(195, 'America/Vancouver'),
(196, 'America/Whitehorse'),
(197, 'America/Winnipeg'),
(198, 'America/Yakutat'),
(199, 'America/Yellowknife'),
(200, 'Antarctica/Casey'),
(201, 'Antarctica/Davis'),
(202, 'Antarctica/DumontDUrville'),
(203, 'Antarctica/Macquarie'),
(204, 'Antarctica/Mawson'),
(205, 'Antarctica/McMurdo'),
(206, 'Antarctica/Palmer'),
(207, 'Antarctica/Rothera'),
(208, 'Antarctica/Syowa'),
(209, 'Antarctica/Troll'),
(210, 'Antarctica/Vostok'),
(211, 'Arctic/Longyearbyen'),
(212, 'Asia/Aden'),
(213, 'Asia/Almaty'),
(214, 'Asia/Amman'),
(215, 'Asia/Anadyr'),
(216, 'Asia/Aqtau'),
(217, 'Asia/Aqtobe'),
(218, 'Asia/Ashgabat'),
(219, 'Asia/Atyrau'),
(220, 'Asia/Baghdad'),
(221, 'Asia/Bahrain'),
(222, 'Asia/Baku'),
(223, 'Asia/Bangkok'),
(224, 'Asia/Barnaul'),
(225, 'Asia/Beirut'),
(226, 'Asia/Bishkek'),
(227, 'Asia/Brunei'),
(228, 'Asia/Chita'),
(229, 'Asia/Choibalsan'),
(230, 'Asia/Colombo'),
(231, 'Asia/Damascus'),
(232, 'Asia/Dhaka'),
(233, 'Asia/Dili'),
(234, 'Asia/Dubai'),
(235, 'Asia/Dushanbe'),
(236, 'Asia/Famagusta'),
(237, 'Asia/Gaza'),
(238, 'Asia/Hebron'),
(239, 'Asia/Ho_Chi_Minh'),
(240, 'Asia/Hong_Kong'),
(241, 'Asia/Hovd'),
(242, 'Asia/Irkutsk'),
(243, 'Asia/Jakarta'),
(244, 'Asia/Jayapura'),
(245, 'Asia/Jerusalem'),
(246, 'Asia/Kabul'),
(247, 'Asia/Kamchatka'),
(248, 'Asia/Karachi'),
(249, 'Asia/Kathmandu'),
(250, 'Asia/Khandyga'),
(251, 'Asia/Kolkata'),
(252, 'Asia/Krasnoyarsk'),
(253, 'Asia/Kuala_Lumpur'),
(254, 'Asia/Kuching'),
(255, 'Asia/Kuwait'),
(256, 'Asia/Macau'),
(257, 'Asia/Magadan'),
(258, 'Asia/Makassar'),
(259, 'Asia/Manila'),
(260, 'Asia/Muscat'),
(261, 'Asia/Nicosia'),
(262, 'Asia/Novokuznetsk'),
(263, 'Asia/Novosibirsk'),
(264, 'Asia/Omsk'),
(265, 'Asia/Oral'),
(266, 'Asia/Phnom_Penh'),
(267, 'Asia/Pontianak'),
(268, 'Asia/Pyongyang'),
(269, 'Asia/Qatar'),
(270, 'Asia/Qostanay'),
(271, 'Asia/Qyzylorda'),
(272, 'Asia/Riyadh'),
(273, 'Asia/Sakhalin'),
(274, 'Asia/Samarkand'),
(275, 'Asia/Seoul'),
(276, 'Asia/Shanghai'),
(277, 'Asia/Singapore'),
(278, 'Asia/Srednekolymsk'),
(279, 'Asia/Taipei'),
(280, 'Asia/Tashkent'),
(281, 'Asia/Tbilisi'),
(282, 'Asia/Tehran'),
(283, 'Asia/Thimphu'),
(284, 'Asia/Tokyo'),
(285, 'Asia/Tomsk'),
(286, 'Asia/Ulaanbaatar'),
(287, 'Asia/Urumqi'),
(288, 'Asia/Ust-Nera'),
(289, 'Asia/Vientiane'),
(290, 'Asia/Vladivostok'),
(291, 'Asia/Yakutsk'),
(292, 'Asia/Yangon'),
(293, 'Asia/Yekaterinburg'),
(294, 'Asia/Yerevan'),
(295, 'Atlantic/Azores'),
(296, 'Atlantic/Bermuda'),
(297, 'Atlantic/Canary'),
(298, 'Atlantic/Cape_Verde'),
(299, 'Atlantic/Faroe'),
(300, 'Atlantic/Madeira'),
(301, 'Atlantic/Reykjavik'),
(302, 'Atlantic/South_Georgia'),
(303, 'Atlantic/St_Helena'),
(304, 'Atlantic/Stanley'),
(305, 'Australia/Adelaide'),
(306, 'Australia/Brisbane'),
(307, 'Australia/Broken_Hill'),
(308, 'Australia/Darwin'),
(309, 'Australia/Eucla'),
(310, 'Australia/Hobart'),
(311, 'Australia/Lindeman'),
(312, 'Australia/Lord_Howe'),
(313, 'Australia/Melbourne'),
(314, 'Australia/Perth'),
(315, 'Australia/Sydney'),
(316, 'Europe/Amsterdam'),
(317, 'Europe/Andorra'),
(318, 'Europe/Astrakhan'),
(319, 'Europe/Athens'),
(320, 'Europe/Belgrade'),
(321, 'Europe/Berlin'),
(322, 'Europe/Bratislava'),
(323, 'Europe/Brussels'),
(324, 'Europe/Bucharest'),
(325, 'Europe/Budapest'),
(326, 'Europe/Busingen'),
(327, 'Europe/Chisinau'),
(328, 'Europe/Copenhagen'),
(329, 'Europe/Dublin'),
(330, 'Europe/Gibraltar'),
(331, 'Europe/Guernsey'),
(332, 'Europe/Helsinki'),
(333, 'Europe/Isle_of_Man'),
(334, 'Europe/Istanbul'),
(335, 'Europe/Jersey'),
(336, 'Europe/Kaliningrad'),
(337, 'Europe/Kiev'),
(338, 'Europe/Kirov'),
(339, 'Europe/Lisbon'),
(340, 'Europe/Ljubljana'),
(341, 'Europe/London'),
(342, 'Europe/Luxembourg'),
(343, 'Europe/Madrid'),
(344, 'Europe/Malta'),
(345, 'Europe/Mariehamn'),
(346, 'Europe/Minsk'),
(347, 'Europe/Monaco'),
(348, 'Europe/Moscow'),
(349, 'Europe/Oslo'),
(350, 'Europe/Paris'),
(351, 'Europe/Podgorica'),
(352, 'Europe/Prague'),
(353, 'Europe/Riga'),
(354, 'Europe/Rome'),
(355, 'Europe/Samara'),
(356, 'Europe/San_Marino'),
(357, 'Europe/Sarajevo'),
(358, 'Europe/Saratov'),
(359, 'Europe/Simferopol'),
(360, 'Europe/Skopje'),
(361, 'Europe/Sofia'),
(362, 'Europe/Stockholm'),
(363, 'Europe/Tallinn'),
(364, 'Europe/Tirane'),
(365, 'Europe/Ulyanovsk'),
(366, 'Europe/Uzhgorod'),
(367, 'Europe/Vaduz'),
(368, 'Europe/Vatican'),
(369, 'Europe/Vienna'),
(370, 'Europe/Vilnius'),
(371, 'Europe/Volgograd'),
(372, 'Europe/Warsaw'),
(373, 'Europe/Zagreb'),
(374, 'Europe/Zaporozhye'),
(375, 'Europe/Zurich'),
(376, 'Indian/Antananarivo'),
(377, 'Indian/Chagos'),
(378, 'Indian/Christmas'),
(379, 'Indian/Cocos'),
(380, 'Indian/Comoro'),
(381, 'Indian/Kerguelen'),
(382, 'Indian/Mahe'),
(383, 'Indian/Maldives'),
(384, 'Indian/Mauritius'),
(385, 'Indian/Mayotte'),
(386, 'Indian/Reunion'),
(387, 'Pacific/Apia'),
(388, 'Pacific/Auckland'),
(389, 'Pacific/Bougainville'),
(390, 'Pacific/Chatham'),
(391, 'Pacific/Chuuk'),
(392, 'Pacific/Easter'),
(393, 'Pacific/Efate'),
(394, 'Pacific/Fakaofo'),
(395, 'Pacific/Fiji'),
(396, 'Pacific/Funafuti'),
(397, 'Pacific/Galapagos'),
(398, 'Pacific/Gambier'),
(399, 'Pacific/Guadalcanal'),
(400, 'Pacific/Guam'),
(401, 'Pacific/Honolulu'),
(402, 'Pacific/Kanton'),
(403, 'Pacific/Kiritimati'),
(404, 'Pacific/Kosrae'),
(405, 'Pacific/Kwajalein'),
(406, 'Pacific/Majuro'),
(407, 'Pacific/Marquesas'),
(408, 'Pacific/Midway'),
(409, 'Pacific/Nauru'),
(410, 'Pacific/Niue'),
(411, 'Pacific/Norfolk'),
(412, 'Pacific/Noumea'),
(413, 'Pacific/Pago_Pago'),
(414, 'Pacific/Palau'),
(415, 'Pacific/Pitcairn'),
(416, 'Pacific/Pohnpei'),
(417, 'Pacific/Port_Moresby'),
(418, 'Pacific/Rarotonga'),
(419, 'Pacific/Saipan'),
(420, 'Pacific/Tahiti'),
(421, 'Pacific/Tarawa'),
(422, 'Pacific/Tongatapu'),
(423, 'Pacific/Wake'),
(424, 'Pacific/Wallis'),
(425, 'UTC'),
(426, 'Africa/Abidjan'),
(427, 'Africa/Accra'),
(428, 'Africa/Addis_Ababa'),
(429, 'Africa/Algiers'),
(430, 'Africa/Asmara'),
(431, 'Africa/Bamako'),
(432, 'Africa/Bangui'),
(433, 'Africa/Banjul'),
(434, 'Africa/Bissau'),
(435, 'Africa/Blantyre'),
(436, 'Africa/Brazzaville'),
(437, 'Africa/Bujumbura'),
(438, 'Africa/Cairo'),
(439, 'Africa/Casablanca'),
(440, 'Africa/Ceuta'),
(441, 'Africa/Conakry'),
(442, 'Africa/Dakar'),
(443, 'Africa/Dar_es_Salaam'),
(444, 'Africa/Djibouti'),
(445, 'Africa/Douala'),
(446, 'Africa/El_Aaiun'),
(447, 'Africa/Freetown'),
(448, 'Africa/Gaborone'),
(449, 'Africa/Harare'),
(450, 'Africa/Johannesburg'),
(451, 'Africa/Juba'),
(452, 'Africa/Kampala'),
(453, 'Africa/Khartoum'),
(454, 'Africa/Kigali'),
(455, 'Africa/Kinshasa'),
(456, 'Africa/Lagos'),
(457, 'Africa/Libreville'),
(458, 'Africa/Lome'),
(459, 'Africa/Luanda'),
(460, 'Africa/Lubumbashi'),
(461, 'Africa/Lusaka'),
(462, 'Africa/Malabo'),
(463, 'Africa/Maputo'),
(464, 'Africa/Maseru'),
(465, 'Africa/Mbabane'),
(466, 'Africa/Mogadishu'),
(467, 'Africa/Monrovia'),
(468, 'Africa/Nairobi'),
(469, 'Africa/Ndjamena'),
(470, 'Africa/Niamey'),
(471, 'Africa/Nouakchott'),
(472, 'Africa/Ouagadougou'),
(473, 'Africa/Porto-Novo'),
(474, 'Africa/Sao_Tome'),
(475, 'Africa/Tripoli'),
(476, 'Africa/Tunis'),
(477, 'Africa/Windhoek'),
(478, 'America/Adak'),
(479, 'America/Anchorage'),
(480, 'America/Anguilla'),
(481, 'America/Antigua'),
(482, 'America/Araguaina'),
(483, 'America/Argentina/Buenos_Aires'),
(484, 'America/Argentina/Catamarca'),
(485, 'America/Argentina/Cordoba'),
(486, 'America/Argentina/Jujuy'),
(487, 'America/Argentina/La_Rioja'),
(488, 'America/Argentina/Mendoza'),
(489, 'America/Argentina/Rio_Gallegos'),
(490, 'America/Argentina/Salta'),
(491, 'America/Argentina/San_Juan'),
(492, 'America/Argentina/San_Luis'),
(493, 'America/Argentina/Tucuman'),
(494, 'America/Argentina/Ushuaia'),
(495, 'America/Aruba'),
(496, 'America/Asuncion'),
(497, 'America/Atikokan'),
(498, 'America/Bahia'),
(499, 'America/Bahia_Banderas'),
(500, 'America/Barbados'),
(501, 'America/Belem'),
(502, 'America/Belize'),
(503, 'America/Blanc-Sablon'),
(504, 'America/Boa_Vista'),
(505, 'America/Bogota'),
(506, 'America/Boise'),
(507, 'America/Cambridge_Bay'),
(508, 'America/Campo_Grande'),
(509, 'America/Cancun'),
(510, 'America/Caracas'),
(511, 'America/Cayenne'),
(512, 'America/Cayman'),
(513, 'America/Chicago'),
(514, 'America/Chihuahua'),
(515, 'America/Costa_Rica'),
(516, 'America/Creston'),
(517, 'America/Cuiaba'),
(518, 'America/Curacao'),
(519, 'America/Danmarkshavn'),
(520, 'America/Dawson'),
(521, 'America/Dawson_Creek'),
(522, 'America/Denver'),
(523, 'America/Detroit'),
(524, 'America/Dominica'),
(525, 'America/Edmonton'),
(526, 'America/Eirunepe'),
(527, 'America/El_Salvador'),
(528, 'America/Fort_Nelson'),
(529, 'America/Fortaleza'),
(530, 'America/Glace_Bay'),
(531, 'America/Goose_Bay'),
(532, 'America/Grand_Turk'),
(533, 'America/Grenada'),
(534, 'America/Guadeloupe'),
(535, 'America/Guatemala'),
(536, 'America/Guayaquil'),
(537, 'America/Guyana'),
(538, 'America/Halifax'),
(539, 'America/Havana'),
(540, 'America/Hermosillo'),
(541, 'America/Indiana/Indianapolis'),
(542, 'America/Indiana/Knox'),
(543, 'America/Indiana/Marengo'),
(544, 'America/Indiana/Petersburg'),
(545, 'America/Indiana/Tell_City'),
(546, 'America/Indiana/Vevay'),
(547, 'America/Indiana/Vincennes'),
(548, 'America/Indiana/Winamac'),
(549, 'America/Inuvik'),
(550, 'America/Iqaluit'),
(551, 'America/Jamaica'),
(552, 'America/Juneau'),
(553, 'America/Kentucky/Louisville'),
(554, 'America/Kentucky/Monticello'),
(555, 'America/Kralendijk'),
(556, 'America/La_Paz'),
(557, 'America/Lima'),
(558, 'America/Los_Angeles'),
(559, 'America/Lower_Princes'),
(560, 'America/Maceio'),
(561, 'America/Managua'),
(562, 'America/Manaus'),
(563, 'America/Marigot'),
(564, 'America/Martinique'),
(565, 'America/Matamoros'),
(566, 'America/Mazatlan'),
(567, 'America/Menominee'),
(568, 'America/Merida'),
(569, 'America/Metlakatla'),
(570, 'America/Mexico_City'),
(571, 'America/Miquelon'),
(572, 'America/Moncton'),
(573, 'America/Monterrey'),
(574, 'America/Montevideo'),
(575, 'America/Montserrat'),
(576, 'America/Nassau'),
(577, 'America/New_York'),
(578, 'America/Nipigon'),
(579, 'America/Nome'),
(580, 'America/Noronha'),
(581, 'America/North_Dakota/Beulah'),
(582, 'America/North_Dakota/Center'),
(583, 'America/North_Dakota/New_Salem'),
(584, 'America/Nuuk'),
(585, 'America/Ojinaga'),
(586, 'America/Panama'),
(587, 'America/Pangnirtung'),
(588, 'America/Paramaribo'),
(589, 'America/Phoenix'),
(590, 'America/Port-au-Prince'),
(591, 'America/Port_of_Spain'),
(592, 'America/Porto_Velho'),
(593, 'America/Puerto_Rico'),
(594, 'America/Punta_Arenas'),
(595, 'America/Rainy_River'),
(596, 'America/Rankin_Inlet'),
(597, 'America/Recife'),
(598, 'America/Regina'),
(599, 'America/Resolute'),
(600, 'America/Rio_Branco'),
(601, 'America/Santarem'),
(602, 'America/Santiago'),
(603, 'America/Santo_Domingo'),
(604, 'America/Sao_Paulo'),
(605, 'America/Scoresbysund'),
(606, 'America/Sitka'),
(607, 'America/St_Barthelemy'),
(608, 'America/St_Johns'),
(609, 'America/St_Kitts'),
(610, 'America/St_Lucia'),
(611, 'America/St_Thomas'),
(612, 'America/St_Vincent'),
(613, 'America/Swift_Current'),
(614, 'America/Tegucigalpa'),
(615, 'America/Thule'),
(616, 'America/Thunder_Bay'),
(617, 'America/Tijuana'),
(618, 'America/Toronto'),
(619, 'America/Tortola'),
(620, 'America/Vancouver'),
(621, 'America/Whitehorse'),
(622, 'America/Winnipeg'),
(623, 'America/Yakutat'),
(624, 'America/Yellowknife'),
(625, 'Antarctica/Casey'),
(626, 'Antarctica/Davis'),
(627, 'Antarctica/DumontDUrville'),
(628, 'Antarctica/Macquarie'),
(629, 'Antarctica/Mawson'),
(630, 'Antarctica/McMurdo'),
(631, 'Antarctica/Palmer'),
(632, 'Antarctica/Rothera'),
(633, 'Antarctica/Syowa'),
(634, 'Antarctica/Troll'),
(635, 'Antarctica/Vostok'),
(636, 'Arctic/Longyearbyen'),
(637, 'Asia/Aden'),
(638, 'Asia/Almaty'),
(639, 'Asia/Amman'),
(640, 'Asia/Anadyr'),
(641, 'Asia/Aqtau'),
(642, 'Asia/Aqtobe'),
(643, 'Asia/Ashgabat'),
(644, 'Asia/Atyrau'),
(645, 'Asia/Baghdad'),
(646, 'Asia/Bahrain'),
(647, 'Asia/Baku'),
(648, 'Asia/Bangkok'),
(649, 'Asia/Barnaul'),
(650, 'Asia/Beirut'),
(651, 'Asia/Bishkek'),
(652, 'Asia/Brunei'),
(653, 'Asia/Chita'),
(654, 'Asia/Choibalsan'),
(655, 'Asia/Colombo'),
(656, 'Asia/Damascus'),
(657, 'Asia/Dhaka'),
(658, 'Asia/Dili'),
(659, 'Asia/Dubai'),
(660, 'Asia/Dushanbe'),
(661, 'Asia/Famagusta'),
(662, 'Asia/Gaza'),
(663, 'Asia/Hebron'),
(664, 'Asia/Ho_Chi_Minh'),
(665, 'Asia/Hong_Kong'),
(666, 'Asia/Hovd'),
(667, 'Asia/Irkutsk'),
(668, 'Asia/Jakarta'),
(669, 'Asia/Jayapura'),
(670, 'Asia/Jerusalem'),
(671, 'Asia/Kabul'),
(672, 'Asia/Kamchatka'),
(673, 'Asia/Karachi'),
(674, 'Asia/Kathmandu'),
(675, 'Asia/Khandyga'),
(676, 'Asia/Kolkata'),
(677, 'Asia/Krasnoyarsk'),
(678, 'Asia/Kuala_Lumpur'),
(679, 'Asia/Kuching'),
(680, 'Asia/Kuwait'),
(681, 'Asia/Macau'),
(682, 'Asia/Magadan'),
(683, 'Asia/Makassar'),
(684, 'Asia/Manila'),
(685, 'Asia/Muscat'),
(686, 'Asia/Nicosia'),
(687, 'Asia/Novokuznetsk'),
(688, 'Asia/Novosibirsk'),
(689, 'Asia/Omsk'),
(690, 'Asia/Oral'),
(691, 'Asia/Phnom_Penh'),
(692, 'Asia/Pontianak'),
(693, 'Asia/Pyongyang'),
(694, 'Asia/Qatar'),
(695, 'Asia/Qostanay'),
(696, 'Asia/Qyzylorda'),
(697, 'Asia/Riyadh'),
(698, 'Asia/Sakhalin'),
(699, 'Asia/Samarkand'),
(700, 'Asia/Seoul'),
(701, 'Asia/Shanghai'),
(702, 'Asia/Singapore'),
(703, 'Asia/Srednekolymsk'),
(704, 'Asia/Taipei'),
(705, 'Asia/Tashkent'),
(706, 'Asia/Tbilisi'),
(707, 'Asia/Tehran'),
(708, 'Asia/Thimphu'),
(709, 'Asia/Tokyo'),
(710, 'Asia/Tomsk'),
(711, 'Asia/Ulaanbaatar'),
(712, 'Asia/Urumqi'),
(713, 'Asia/Ust-Nera'),
(714, 'Asia/Vientiane'),
(715, 'Asia/Vladivostok'),
(716, 'Asia/Yakutsk'),
(717, 'Asia/Yangon'),
(718, 'Asia/Yekaterinburg'),
(719, 'Asia/Yerevan'),
(720, 'Atlantic/Azores'),
(721, 'Atlantic/Bermuda'),
(722, 'Atlantic/Canary'),
(723, 'Atlantic/Cape_Verde'),
(724, 'Atlantic/Faroe'),
(725, 'Atlantic/Madeira'),
(726, 'Atlantic/Reykjavik'),
(727, 'Atlantic/South_Georgia'),
(728, 'Atlantic/St_Helena'),
(729, 'Atlantic/Stanley'),
(730, 'Australia/Adelaide'),
(731, 'Australia/Brisbane'),
(732, 'Australia/Broken_Hill'),
(733, 'Australia/Darwin'),
(734, 'Australia/Eucla'),
(735, 'Australia/Hobart'),
(736, 'Australia/Lindeman'),
(737, 'Australia/Lord_Howe'),
(738, 'Australia/Melbourne'),
(739, 'Australia/Perth'),
(740, 'Australia/Sydney'),
(741, 'Europe/Amsterdam'),
(742, 'Europe/Andorra'),
(743, 'Europe/Astrakhan'),
(744, 'Europe/Athens'),
(745, 'Europe/Belgrade'),
(746, 'Europe/Berlin'),
(747, 'Europe/Bratislava'),
(748, 'Europe/Brussels'),
(749, 'Europe/Bucharest'),
(750, 'Europe/Budapest'),
(751, 'Europe/Busingen'),
(752, 'Europe/Chisinau'),
(753, 'Europe/Copenhagen'),
(754, 'Europe/Dublin'),
(755, 'Europe/Gibraltar'),
(756, 'Europe/Guernsey'),
(757, 'Europe/Helsinki'),
(758, 'Europe/Isle_of_Man'),
(759, 'Europe/Istanbul'),
(760, 'Europe/Jersey'),
(761, 'Europe/Kaliningrad'),
(762, 'Europe/Kiev'),
(763, 'Europe/Kirov'),
(764, 'Europe/Lisbon'),
(765, 'Europe/Ljubljana'),
(766, 'Europe/London'),
(767, 'Europe/Luxembourg'),
(768, 'Europe/Madrid'),
(769, 'Europe/Malta'),
(770, 'Europe/Mariehamn'),
(771, 'Europe/Minsk'),
(772, 'Europe/Monaco'),
(773, 'Europe/Moscow'),
(774, 'Europe/Oslo'),
(775, 'Europe/Paris'),
(776, 'Europe/Podgorica'),
(777, 'Europe/Prague'),
(778, 'Europe/Riga'),
(779, 'Europe/Rome'),
(780, 'Europe/Samara'),
(781, 'Europe/San_Marino'),
(782, 'Europe/Sarajevo'),
(783, 'Europe/Saratov'),
(784, 'Europe/Simferopol'),
(785, 'Europe/Skopje'),
(786, 'Europe/Sofia'),
(787, 'Europe/Stockholm'),
(788, 'Europe/Tallinn'),
(789, 'Europe/Tirane'),
(790, 'Europe/Ulyanovsk'),
(791, 'Europe/Uzhgorod'),
(792, 'Europe/Vaduz'),
(793, 'Europe/Vatican'),
(794, 'Europe/Vienna'),
(795, 'Europe/Vilnius'),
(796, 'Europe/Volgograd'),
(797, 'Europe/Warsaw'),
(798, 'Europe/Zagreb'),
(799, 'Europe/Zaporozhye'),
(800, 'Europe/Zurich'),
(801, 'Indian/Antananarivo'),
(802, 'Indian/Chagos'),
(803, 'Indian/Christmas'),
(804, 'Indian/Cocos'),
(805, 'Indian/Comoro'),
(806, 'Indian/Kerguelen'),
(807, 'Indian/Mahe'),
(808, 'Indian/Maldives'),
(809, 'Indian/Mauritius'),
(810, 'Indian/Mayotte'),
(811, 'Indian/Reunion'),
(812, 'Pacific/Apia'),
(813, 'Pacific/Auckland'),
(814, 'Pacific/Bougainville'),
(815, 'Pacific/Chatham'),
(816, 'Pacific/Chuuk'),
(817, 'Pacific/Easter'),
(818, 'Pacific/Efate'),
(819, 'Pacific/Fakaofo'),
(820, 'Pacific/Fiji'),
(821, 'Pacific/Funafuti'),
(822, 'Pacific/Galapagos'),
(823, 'Pacific/Gambier'),
(824, 'Pacific/Guadalcanal'),
(825, 'Pacific/Guam'),
(826, 'Pacific/Honolulu'),
(827, 'Pacific/Kanton'),
(828, 'Pacific/Kiritimati'),
(829, 'Pacific/Kosrae'),
(830, 'Pacific/Kwajalein'),
(831, 'Pacific/Majuro'),
(832, 'Pacific/Marquesas'),
(833, 'Pacific/Midway'),
(834, 'Pacific/Nauru'),
(835, 'Pacific/Niue'),
(836, 'Pacific/Norfolk'),
(837, 'Pacific/Noumea'),
(838, 'Pacific/Pago_Pago'),
(839, 'Pacific/Palau'),
(840, 'Pacific/Pitcairn'),
(841, 'Pacific/Pohnpei'),
(842, 'Pacific/Port_Moresby'),
(843, 'Pacific/Rarotonga'),
(844, 'Pacific/Saipan'),
(845, 'Pacific/Tahiti'),
(846, 'Pacific/Tarawa'),
(847, 'Pacific/Tongatapu'),
(848, 'Pacific/Wake'),
(849, 'Pacific/Wallis'),
(850, 'UTC');

-- --------------------------------------------------------

--
-- Table structure for table `transactions`
--

CREATE TABLE `transactions` (
  `id` bigint(20) UNSIGNED NOT NULL,
  `order_id` varchar(255) COLLATE utf8mb4_unicode_ci NOT NULL,
  `transaction_id` varchar(255) COLLATE utf8mb4_unicode_ci DEFAULT NULL,
  `payment_provider` enum('flutterwave','mollie','midtrans','paypal','paystack','razorpay','sslcommerz','stripe','instamojo','offline') COLLATE utf8mb4_unicode_ci NOT NULL,
  `plan_id` bigint(20) UNSIGNED NOT NULL,
  `user_id` bigint(20) UNSIGNED NOT NULL,
  `amount` varchar(255) COLLATE utf8mb4_unicode_ci NOT NULL,
  `currency_symbol` varchar(255) COLLATE utf8mb4_unicode_ci DEFAULT NULL,
  `usd_amount` varchar(255) COLLATE utf8mb4_unicode_ci DEFAULT NULL,
  `payment_status` enum('paid','unpaid') COLLATE utf8mb4_unicode_ci NOT NULL DEFAULT 'unpaid',
  `created_at` timestamp NULL DEFAULT NULL,
  `updated_at` timestamp NULL DEFAULT NULL
) ENGINE=InnoDB DEFAULT CHARSET=utf8mb4 COLLATE=utf8mb4_unicode_ci;

--
-- Dumping data for table `transactions`
--

INSERT INTO `transactions` (`id`, `order_id`, `transaction_id`, `payment_provider`, `plan_id`, `user_id`, `amount`, `currency_symbol`, `usd_amount`, `payment_status`, `created_at`, `updated_at`) VALUES
(1, '10449532', 'ch_3LfKyfE9g9AEwENz1D1TGTXX', 'stripe', 3, 6, '23.32', '₪', '23.32', 'paid', '2022-09-07 09:55:27', '2022-09-07 09:55:27'),
(2, '825609448', '0GT63696SJ3171107', 'paypal', 2, 6, '17.49', '₪', '17.49', 'paid', '2022-09-07 09:57:56', '2022-09-07 09:57:56'),
(3, '867420824', 'ch_3LffX9E9g9AEwENz1UhLX7cH', 'stripe', 2, 1, '17.56', '₪', '17.56', 'paid', '2022-09-08 10:52:25', '2022-09-08 10:52:25'),
(4, '199714289', 'ch_3Lgp92E9g9AEwENz1cbfSyzN', 'stripe', 2, 2, '17.61', '₪', '17.61', 'paid', '2022-09-11 15:20:18', '2022-09-11 15:20:18'),
(5, '562131997', 'ch_3LjG6iE9g9AEwENz1FRTUXV5', 'stripe', 3, 15, '23.33', '₪', '23.33', 'paid', '2022-09-18 08:31:57', '2022-09-18 08:31:57');

-- --------------------------------------------------------

--
-- Table structure for table `users`
--

CREATE TABLE `users` (
  `id` bigint(20) UNSIGNED NOT NULL,
  `name` varchar(255) COLLATE utf8mb4_unicode_ci NOT NULL,
  `username` varchar(255) COLLATE utf8mb4_unicode_ci DEFAULT NULL,
  `email` varchar(255) COLLATE utf8mb4_unicode_ci NOT NULL,
  `phone` varchar(255) COLLATE utf8mb4_unicode_ci DEFAULT NULL,
  `email_verified_at` timestamp NULL DEFAULT NULL,
  `password` varchar(255) COLLATE utf8mb4_unicode_ci DEFAULT NULL,
  `web` varchar(255) COLLATE utf8mb4_unicode_ci DEFAULT NULL,
  `image` varchar(255) COLLATE utf8mb4_unicode_ci NOT NULL DEFAULT 'backend/image/default-user.png',
  `token` varchar(255) COLLATE utf8mb4_unicode_ci DEFAULT NULL,
  `last_seen` text COLLATE utf8mb4_unicode_ci DEFAULT NULL,
  `remember_token` varchar(100) COLLATE utf8mb4_unicode_ci DEFAULT NULL,
  `created_at` timestamp NULL DEFAULT NULL,
  `updated_at` timestamp NULL DEFAULT NULL,
  `auth_type` varchar(255) COLLATE utf8mb4_unicode_ci NOT NULL DEFAULT 'email',
  `provider` varchar(255) COLLATE utf8mb4_unicode_ci DEFAULT NULL,
  `provider_id` varchar(255) COLLATE utf8mb4_unicode_ci DEFAULT NULL,
  `fcm_token` varchar(255) COLLATE utf8mb4_unicode_ci DEFAULT NULL
) ENGINE=InnoDB DEFAULT CHARSET=utf8mb4 COLLATE=utf8mb4_unicode_ci;

--
-- Dumping data for table `users`
--

INSERT INTO `users` (`id`, `name`, `username`, `email`, `phone`, `email_verified_at`, `password`, `web`, `image`, `token`, `last_seen`, `remember_token`, `created_at`, `updated_at`, `auth_type`, `provider`, `provider_id`, `fcm_token`) VALUES
(1, 'Rony', 'ronymia', 'ronymia.tech@gmail.com', NULL, NULL, '$2y$10$6K397ov80/chYPkLPfLkA.u.nL4XguaI76WCMtVXD4GQmHIueJMzm', NULL, 'uploads/customer\\XH47aA7VwPBNhu5VH1XI5D7E4Dv0mCJCzhyuUKw0.jpg', NULL, '2022-09-18 07:25:00', NULL, '2022-08-21 04:16:35', '2022-09-18 07:25:00', 'email', NULL, NULL, NULL),
(2, 'Rony', 'rony', 'ronymia2211@gmail.com', NULL, NULL, '$2y$10$xjVqHKuEXYxjcB8KBog/T.FnHikZKf5KsLGHrYREBtwsHIENHc.Tm', NULL, 'backend/image/default-user.png', NULL, '2022-09-11 15:41:57', NULL, '2022-09-04 05:02:34', '2022-09-11 15:41:57', 'email', NULL, NULL, NULL),
(3, 'nikita', 'nikita_p25', 'pn96nikita@gmail.com', NULL, NULL, '$2y$10$IdR/9DXH36g8TmL0MNVIM.L75ruYzd7lQ1Z6utkkLwpnkTMbdzOLO', NULL, 'backend/image/default-user.png', NULL, '2022-09-18 11:53:12', NULL, '2022-09-04 07:06:33', '2022-09-18 11:53:12', 'email', NULL, NULL, NULL),
(4, 'Angcon Halder', 'angcon175', 'angcon26101999@gmail.com', NULL, NULL, '$2y$10$d2sy0fhiV9qzIsfbdq.gmOc0YIAu69F7Cl/K3gQCEXkl9BHtbe5v6', NULL, 'uploads/customer/HKcErUU7OXesfxGtqTNwKOfsYltC92MO6VcdX6lc.jpg', NULL, '2022-09-18 08:21:32', NULL, '2022-09-04 09:03:39', '2022-09-18 08:21:32', 'email', NULL, NULL, NULL),
(5, 'Shiful', 'Islam', 'roni@gmail.com', NULL, NULL, '$2y$10$jG/Tm.MKtT09Za6b2v8X1eTQNeS/.Thv4.hBRj9SsjThjEbYMAWya', NULL, 'backend/image/default-user.png', NULL, '2022-09-04 09:58:40', NULL, '2022-09-04 09:54:34', '2022-09-04 10:15:09', 'email', NULL, NULL, NULL),
(6, 'Safwan', 'safwan', 'safwan@gmail.com', NULL, NULL, '$2y$10$Mj5iDDWzfu9qNLmubXSCDui8pf2d3TDlybGfqrv7acq6vTzAsElZG', NULL, 'backend/image/default-user.png', NULL, '2022-09-07 10:43:26', NULL, '2022-09-07 09:54:37', '2022-09-07 10:43:26', 'email', NULL, NULL, NULL),
(7, 'rabin', 'rabin', 'rabin@gmail.com', NULL, NULL, '$2y$10$SYx9j.T/sA.8r0rJvTusheNUPZg2T/sjjv8ll5qmW.OsaZn8s3b82', NULL, 'backend/image/default-user.png', NULL, '2022-09-11 15:56:44', NULL, '2022-09-11 11:57:04', '2022-09-11 15:56:44', 'email', NULL, NULL, NULL),
(8, 'rajib', 'raj123', 'tp1634997@gmail.com', NULL, NULL, '$2y$10$GY.zQDtWQygcywG3E8Rz0u.eGp58duKez5KyWXbUuNFtNqvKRsnAG', NULL, 'backend/image/default-user.png', NULL, '2022-09-11 13:10:05', NULL, '2022-09-11 12:26:44', '2022-09-11 13:10:05', 'email', NULL, NULL, NULL),
(9, 'Moh', 'moh123', 'e622af886a@boxomail.live', NULL, NULL, '$2y$10$xP9xKUFEMuzm.al1xVOie.FCxAU4YAgLOQoWP4udu7MQDoIjL22AW', NULL, 'backend/image/default-user.png', NULL, '2022-09-11 13:50:12', NULL, '2022-09-11 13:47:38', '2022-09-11 13:50:12', 'email', NULL, NULL, NULL),
(10, 'Moh', 'mal123', '87070a0c88@boxomail.live', NULL, NULL, '$2y$10$JojjymB.qwlks9cjHdhfrOU9VL7BmaG1NraH6k0ZGeHrtPczoDllO', NULL, 'backend/image/default-user.png', NULL, '2022-09-14 11:23:41', NULL, '2022-09-13 14:38:28', '2022-09-14 11:23:41', 'email', NULL, NULL, NULL),
(12, 'Mokaddes Hosain', 'mal1234', 'mr.mokaddes@gmail.com', NULL, NULL, NULL, NULL, 'backend/image/default-user.png', NULL, '2022-09-18 12:24:26', NULL, '2022-09-17 16:09:31', '2022-09-18 12:24:26', 'email', 'facebook', '2308423085971803', NULL),
(14, 'Rony Mia', 'psT7Fu', 'ronymia111333@gmail.com', NULL, NULL, NULL, NULL, 'backend/image/default-user.png', NULL, '2022-09-18 07:10:48', NULL, '2022-09-18 06:58:33', '2022-09-18 07:10:48', 'email', 'facebook', '1801020763564287', NULL),
(15, 'test', 'test123', 't@gmail.com', NULL, NULL, '$2y$10$UEfoXHvz60DYCaiBmRrF5O2KysCxgUgwTnfK3RJBrSxFowoK79k7u', NULL, 'backend/image/default-user.png', NULL, '2022-09-18 08:47:48', NULL, '2022-09-18 08:22:10', '2022-09-18 08:47:48', 'email', NULL, NULL, NULL),
(16, 'মহাশূন্য মহাশূন্য', '_L6ek', 'm01750899448@gmail.com', NULL, NULL, NULL, NULL, 'backend/image/default-user.png', NULL, '2022-09-18 12:04:15', NULL, '2022-09-18 12:03:46', '2022-09-18 12:04:15', 'email', 'facebook', '3355566338061004', NULL);

-- --------------------------------------------------------

--
-- Table structure for table `user_device_tokens`
--

CREATE TABLE `user_device_tokens` (
  `id` bigint(20) UNSIGNED NOT NULL,
  `user_id` bigint(20) UNSIGNED NOT NULL,
  `device_token` text COLLATE utf8mb4_unicode_ci DEFAULT NULL,
  `created_at` timestamp NULL DEFAULT NULL,
  `updated_at` timestamp NULL DEFAULT NULL
) ENGINE=InnoDB DEFAULT CHARSET=utf8mb4 COLLATE=utf8mb4_unicode_ci;

-- --------------------------------------------------------

--
-- Table structure for table `user_plans`
--

CREATE TABLE `user_plans` (
  `id` bigint(20) UNSIGNED NOT NULL,
  `user_id` bigint(20) UNSIGNED NOT NULL,
  `ad_limit` bigint(20) UNSIGNED NOT NULL DEFAULT 3,
  `featured_limit` bigint(20) UNSIGNED NOT NULL DEFAULT 0,
  `badge` tinyint(1) NOT NULL DEFAULT 0,
  `created_at` timestamp NULL DEFAULT NULL,
  `updated_at` timestamp NULL DEFAULT NULL,
  `subscription_type` enum('one_time','recurring') COLLATE utf8mb4_unicode_ci NOT NULL DEFAULT 'one_time',
  `expired_date` date DEFAULT NULL,
  `current_plan_id` bigint(20) UNSIGNED DEFAULT NULL,
  `is_restored_plan_benefits` tinyint(1) NOT NULL DEFAULT 0
) ENGINE=InnoDB DEFAULT CHARSET=utf8mb4 COLLATE=utf8mb4_unicode_ci;

--
-- Dumping data for table `user_plans`
--

INSERT INTO `user_plans` (`id`, `user_id`, `ad_limit`, `featured_limit`, `badge`, `created_at`, `updated_at`, `subscription_type`, `expired_date`, `current_plan_id`, `is_restored_plan_benefits`) VALUES
(1, 1, 32, 6, 1, '2022-08-21 04:16:35', '2022-09-18 06:48:10', 'recurring', '2022-10-08', 2, 0),
(2, 2, 42, 10, 1, '2022-09-04 05:02:34', '2022-09-11 15:20:18', 'recurring', '2022-10-11', 2, 0),
(3, 3, 2, 1, 0, '2022-09-04 07:06:33', '2022-09-07 17:53:36', 'recurring', NULL, NULL, 0),
(4, 4, 0, 0, 0, '2022-09-04 09:03:39', '2022-09-10 09:05:22', 'recurring', NULL, NULL, 0),
(5, 5, 3, 1, 0, '2022-09-04 09:54:34', '2022-09-04 09:54:34', 'recurring', NULL, NULL, 0),
(6, 6, 91, 30, 1, '2022-09-07 09:54:37', '2022-09-07 10:43:27', 'recurring', '2022-10-07', 2, 0),
(7, 7, 3, 1, 0, '2022-09-11 11:57:04', '2022-09-11 11:57:04', 'recurring', NULL, NULL, 0),
(8, 8, 0, 0, 0, '2022-09-11 12:26:44', '2022-09-11 12:59:19', 'recurring', NULL, NULL, 0),
(9, 9, 2, 0, 0, '2022-09-11 13:47:38', '2022-09-11 13:50:08', 'recurring', NULL, NULL, 0),
(10, 10, 2, 0, 0, '2022-09-13 14:38:28', '2022-09-14 11:08:40', 'recurring', NULL, NULL, 0),
(12, 12, 2, 1, 0, '2022-09-17 16:09:31', '2022-09-18 12:16:22', 'recurring', NULL, NULL, 0),
(14, 14, 3, 1, 0, '2022-09-18 06:58:33', '2022-09-18 06:58:33', 'recurring', NULL, NULL, 0),
(15, 15, 46, 16, 1, '2022-09-18 08:22:10', '2022-09-18 08:44:19', 'recurring', '2022-10-18', 3, 0),
(16, 16, 3, 1, 0, '2022-09-18 12:03:46', '2022-09-18 12:03:46', 'recurring', NULL, NULL, 0);

-- --------------------------------------------------------

--
-- Table structure for table `wishlists`
--

CREATE TABLE `wishlists` (
  `id` bigint(20) UNSIGNED NOT NULL,
  `ad_id` bigint(20) UNSIGNED NOT NULL,
  `user_id` bigint(20) UNSIGNED NOT NULL,
  `created_at` timestamp NULL DEFAULT NULL,
  `updated_at` timestamp NULL DEFAULT NULL
) ENGINE=InnoDB DEFAULT CHARSET=utf8mb4 COLLATE=utf8mb4_unicode_ci;

--
-- Dumping data for table `wishlists`
--

INSERT INTO `wishlists` (`id`, `ad_id`, `user_id`, `created_at`, `updated_at`) VALUES
(1, 19, 4, '2022-09-04 10:19:07', '2022-09-04 10:19:07'),
(2, 18, 3, '2022-09-07 18:02:53', '2022-09-07 18:02:53');

--
-- Indexes for dumped tables
--

--
-- Indexes for table `admins`
--
ALTER TABLE `admins`
  ADD PRIMARY KEY (`id`),
  ADD UNIQUE KEY `admins_email_unique` (`email`);

--
-- Indexes for table `admin_searches`
--
ALTER TABLE `admin_searches`
  ADD PRIMARY KEY (`id`);

--
-- Indexes for table `ads`
--
ALTER TABLE `ads`
  ADD PRIMARY KEY (`id`),
  ADD KEY `ads_user_id_foreign` (`user_id`),
  ADD KEY `ads_category_id_foreign` (`category_id`);

--
-- Indexes for table `ad_features`
--
ALTER TABLE `ad_features`
  ADD PRIMARY KEY (`id`),
  ADD KEY `ad_features_ad_id_foreign` (`ad_id`);

--
-- Indexes for table `ad_galleries`
--
ALTER TABLE `ad_galleries`
  ADD PRIMARY KEY (`id`);

--
-- Indexes for table `blog_comments`
--
ALTER TABLE `blog_comments`
  ADD PRIMARY KEY (`id`),
  ADD KEY `blog_comments_post_id_foreign` (`post_id`);

--
-- Indexes for table `brands`
--
ALTER TABLE `brands`
  ADD PRIMARY KEY (`id`);

--
-- Indexes for table `categories`
--
ALTER TABLE `categories`
  ADD PRIMARY KEY (`id`);

--
-- Indexes for table `category_custom_field`
--
ALTER TABLE `category_custom_field`
  ADD PRIMARY KEY (`id`),
  ADD KEY `category_custom_field_category_id_foreign` (`category_id`),
  ADD KEY `category_custom_field_custom_field_id_foreign` (`custom_field_id`);

--
-- Indexes for table `cms`
--
ALTER TABLE `cms`
  ADD PRIMARY KEY (`id`);

--
-- Indexes for table `contacts`
--
ALTER TABLE `contacts`
  ADD PRIMARY KEY (`id`);

--
-- Indexes for table `cookies`
--
ALTER TABLE `cookies`
  ADD PRIMARY KEY (`id`);

--
-- Indexes for table `currencies`
--
ALTER TABLE `currencies`
  ADD PRIMARY KEY (`id`);

--
-- Indexes for table `custom_fields`
--
ALTER TABLE `custom_fields`
  ADD PRIMARY KEY (`id`),
  ADD KEY `custom_fields_custom_field_group_id_foreign` (`custom_field_group_id`);

--
-- Indexes for table `custom_field_groups`
--
ALTER TABLE `custom_field_groups`
  ADD PRIMARY KEY (`id`);

--
-- Indexes for table `custom_field_values`
--
ALTER TABLE `custom_field_values`
  ADD PRIMARY KEY (`id`),
  ADD KEY `custom_field_values_custom_field_id_foreign` (`custom_field_id`);

--
-- Indexes for table `database_backups`
--
ALTER TABLE `database_backups`
  ADD PRIMARY KEY (`id`);

--
-- Indexes for table `emails`
--
ALTER TABLE `emails`
  ADD PRIMARY KEY (`id`),
  ADD UNIQUE KEY `emails_email_unique` (`email`);

--
-- Indexes for table `failed_jobs`
--
ALTER TABLE `failed_jobs`
  ADD PRIMARY KEY (`id`),
  ADD UNIQUE KEY `failed_jobs_uuid_unique` (`uuid`);

--
-- Indexes for table `faqs`
--
ALTER TABLE `faqs`
  ADD PRIMARY KEY (`id`),
  ADD KEY `faqs_faq_category_id_foreign` (`faq_category_id`);

--
-- Indexes for table `faq_categories`
--
ALTER TABLE `faq_categories`
  ADD PRIMARY KEY (`id`),
  ADD UNIQUE KEY `faq_categories_name_unique` (`name`),
  ADD UNIQUE KEY `faq_categories_slug_unique` (`slug`);

--
-- Indexes for table `jobs`
--
ALTER TABLE `jobs`
  ADD PRIMARY KEY (`id`),
  ADD KEY `jobs_queue_index` (`queue`);

--
-- Indexes for table `languages`
--
ALTER TABLE `languages`
  ADD PRIMARY KEY (`id`),
  ADD UNIQUE KEY `languages_name_unique` (`name`),
  ADD UNIQUE KEY `languages_code_unique` (`code`),
  ADD UNIQUE KEY `languages_icon_unique` (`icon`);

--
-- Indexes for table `messengers`
--
ALTER TABLE `messengers`
  ADD PRIMARY KEY (`id`);

--
-- Indexes for table `migrations`
--
ALTER TABLE `migrations`
  ADD PRIMARY KEY (`id`);

--
-- Indexes for table `mobile_app_configs`
--
ALTER TABLE `mobile_app_configs`
  ADD PRIMARY KEY (`id`);

--
-- Indexes for table `mobile_app_sliders`
--
ALTER TABLE `mobile_app_sliders`
  ADD PRIMARY KEY (`id`);

--
-- Indexes for table `model_has_permissions`
--
ALTER TABLE `model_has_permissions`
  ADD PRIMARY KEY (`permission_id`,`model_id`,`model_type`),
  ADD KEY `model_has_permissions_model_id_model_type_index` (`model_id`,`model_type`);

--
-- Indexes for table `model_has_roles`
--
ALTER TABLE `model_has_roles`
  ADD PRIMARY KEY (`role_id`,`model_id`,`model_type`),
  ADD KEY `model_has_roles_model_id_model_type_index` (`model_id`,`model_type`);

--
-- Indexes for table `module_settings`
--
ALTER TABLE `module_settings`
  ADD PRIMARY KEY (`id`);

--
-- Indexes for table `notifications`
--
ALTER TABLE `notifications`
  ADD PRIMARY KEY (`id`),
  ADD KEY `notifications_notifiable_type_notifiable_id_index` (`notifiable_type`,`notifiable_id`);

--
-- Indexes for table `orders`
--
ALTER TABLE `orders`
  ADD PRIMARY KEY (`id`);

--
-- Indexes for table `password_resets`
--
ALTER TABLE `password_resets`
  ADD KEY `password_resets_email_index` (`email`);

--
-- Indexes for table `permissions`
--
ALTER TABLE `permissions`
  ADD PRIMARY KEY (`id`);

--
-- Indexes for table `plans`
--
ALTER TABLE `plans`
  ADD PRIMARY KEY (`id`),
  ADD UNIQUE KEY `plans_label_unique` (`label`);

--
-- Indexes for table `posts`
--
ALTER TABLE `posts`
  ADD PRIMARY KEY (`id`),
  ADD KEY `posts_category_id_foreign` (`category_id`),
  ADD KEY `posts_author_id_foreign` (`author_id`);

--
-- Indexes for table `post_categories`
--
ALTER TABLE `post_categories`
  ADD PRIMARY KEY (`id`);

--
-- Indexes for table `product_custom_fields`
--
ALTER TABLE `product_custom_fields`
  ADD PRIMARY KEY (`id`),
  ADD KEY `product_custom_fields_ad_id_foreign` (`ad_id`),
  ADD KEY `product_custom_fields_custom_field_id_foreign` (`custom_field_id`),
  ADD KEY `product_custom_fields_custom_field_group_id_foreign` (`custom_field_group_id`);

--
-- Indexes for table `reports`
--
ALTER TABLE `reports`
  ADD PRIMARY KEY (`id`),
  ADD KEY `reports_report_from_id_foreign` (`report_from_id`),
  ADD KEY `reports_report_to_id_foreign` (`report_to_id`);

--
-- Indexes for table `reviews`
--
ALTER TABLE `reviews`
  ADD PRIMARY KEY (`id`),
  ADD KEY `reviews_user_id_foreign` (`user_id`);

--
-- Indexes for table `roles`
--
ALTER TABLE `roles`
  ADD PRIMARY KEY (`id`);

--
-- Indexes for table `role_has_permissions`
--
ALTER TABLE `role_has_permissions`
  ADD PRIMARY KEY (`permission_id`,`role_id`),
  ADD KEY `role_has_permissions_role_id_foreign` (`role_id`);

--
-- Indexes for table `seos`
--
ALTER TABLE `seos`
  ADD PRIMARY KEY (`id`);

--
-- Indexes for table `settings`
--
ALTER TABLE `settings`
  ADD PRIMARY KEY (`id`);

--
-- Indexes for table `setup_guides`
--
ALTER TABLE `setup_guides`
  ADD PRIMARY KEY (`id`);

--
-- Indexes for table `social_media`
--
ALTER TABLE `social_media`
  ADD PRIMARY KEY (`id`),
  ADD KEY `social_media_user_id_foreign` (`user_id`);

--
-- Indexes for table `sub_categories`
--
ALTER TABLE `sub_categories`
  ADD PRIMARY KEY (`id`),
  ADD KEY `sub_categories_category_id_foreign` (`category_id`);

--
-- Indexes for table `testimonials`
--
ALTER TABLE `testimonials`
  ADD PRIMARY KEY (`id`);

--
-- Indexes for table `themes`
--
ALTER TABLE `themes`
  ADD PRIMARY KEY (`id`);

--
-- Indexes for table `timezones`
--
ALTER TABLE `timezones`
  ADD PRIMARY KEY (`id`);

--
-- Indexes for table `transactions`
--
ALTER TABLE `transactions`
  ADD PRIMARY KEY (`id`),
  ADD KEY `transactions_plan_id_foreign` (`plan_id`),
  ADD KEY `transactions_user_id_foreign` (`user_id`);

--
-- Indexes for table `users`
--
ALTER TABLE `users`
  ADD PRIMARY KEY (`id`),
  ADD UNIQUE KEY `users_email_unique` (`email`),
  ADD UNIQUE KEY `users_username_unique` (`username`),
  ADD UNIQUE KEY `users_phone_unique` (`phone`),
  ADD UNIQUE KEY `users_web_unique` (`web`);

--
-- Indexes for table `user_device_tokens`
--
ALTER TABLE `user_device_tokens`
  ADD PRIMARY KEY (`id`),
  ADD KEY `user_device_tokens_user_id_foreign` (`user_id`);

--
-- Indexes for table `user_plans`
--
ALTER TABLE `user_plans`
  ADD PRIMARY KEY (`id`),
  ADD KEY `user_plans_user_id_foreign` (`user_id`),
  ADD KEY `user_plans_current_plan_id_foreign` (`current_plan_id`);

--
-- Indexes for table `wishlists`
--
ALTER TABLE `wishlists`
  ADD PRIMARY KEY (`id`),
  ADD KEY `wishlists_ad_id_foreign` (`ad_id`),
  ADD KEY `wishlists_user_id_foreign` (`user_id`);

--
-- AUTO_INCREMENT for dumped tables
--

--
-- AUTO_INCREMENT for table `admins`
--
ALTER TABLE `admins`
  MODIFY `id` bigint(20) UNSIGNED NOT NULL AUTO_INCREMENT, AUTO_INCREMENT=3;

--
-- AUTO_INCREMENT for table `admin_searches`
--
ALTER TABLE `admin_searches`
  MODIFY `id` bigint(20) UNSIGNED NOT NULL AUTO_INCREMENT;

--
-- AUTO_INCREMENT for table `ads`
--
ALTER TABLE `ads`
  MODIFY `id` bigint(20) UNSIGNED NOT NULL AUTO_INCREMENT, AUTO_INCREMENT=35;

--
-- AUTO_INCREMENT for table `ad_features`
--
ALTER TABLE `ad_features`
  MODIFY `id` bigint(20) UNSIGNED NOT NULL AUTO_INCREMENT, AUTO_INCREMENT=5;

--
-- AUTO_INCREMENT for table `ad_galleries`
--
ALTER TABLE `ad_galleries`
  MODIFY `id` bigint(20) UNSIGNED NOT NULL AUTO_INCREMENT, AUTO_INCREMENT=50;

--
-- AUTO_INCREMENT for table `blog_comments`
--
ALTER TABLE `blog_comments`
  MODIFY `id` bigint(20) UNSIGNED NOT NULL AUTO_INCREMENT;

--
-- AUTO_INCREMENT for table `brands`
--
ALTER TABLE `brands`
  MODIFY `id` bigint(20) UNSIGNED NOT NULL AUTO_INCREMENT, AUTO_INCREMENT=4;

--
-- AUTO_INCREMENT for table `categories`
--
ALTER TABLE `categories`
  MODIFY `id` bigint(20) UNSIGNED NOT NULL AUTO_INCREMENT, AUTO_INCREMENT=23;

--
-- AUTO_INCREMENT for table `category_custom_field`
--
ALTER TABLE `category_custom_field`
  MODIFY `id` bigint(20) UNSIGNED NOT NULL AUTO_INCREMENT, AUTO_INCREMENT=2;

--
-- AUTO_INCREMENT for table `cms`
--
ALTER TABLE `cms`
  MODIFY `id` bigint(20) UNSIGNED NOT NULL AUTO_INCREMENT, AUTO_INCREMENT=2;

--
-- AUTO_INCREMENT for table `contacts`
--
ALTER TABLE `contacts`
  MODIFY `id` bigint(20) UNSIGNED NOT NULL AUTO_INCREMENT, AUTO_INCREMENT=2;

--
-- AUTO_INCREMENT for table `cookies`
--
ALTER TABLE `cookies`
  MODIFY `id` bigint(20) UNSIGNED NOT NULL AUTO_INCREMENT, AUTO_INCREMENT=2;

--
-- AUTO_INCREMENT for table `currencies`
--
ALTER TABLE `currencies`
  MODIFY `id` bigint(20) UNSIGNED NOT NULL AUTO_INCREMENT, AUTO_INCREMENT=3;

--
-- AUTO_INCREMENT for table `custom_fields`
--
ALTER TABLE `custom_fields`
  MODIFY `id` bigint(20) UNSIGNED NOT NULL AUTO_INCREMENT, AUTO_INCREMENT=3;

--
-- AUTO_INCREMENT for table `custom_field_groups`
--
ALTER TABLE `custom_field_groups`
  MODIFY `id` bigint(20) UNSIGNED NOT NULL AUTO_INCREMENT, AUTO_INCREMENT=2;

--
-- AUTO_INCREMENT for table `custom_field_values`
--
ALTER TABLE `custom_field_values`
  MODIFY `id` bigint(20) UNSIGNED NOT NULL AUTO_INCREMENT;

--
-- AUTO_INCREMENT for table `database_backups`
--
ALTER TABLE `database_backups`
  MODIFY `id` bigint(20) UNSIGNED NOT NULL AUTO_INCREMENT;

--
-- AUTO_INCREMENT for table `emails`
--
ALTER TABLE `emails`
  MODIFY `id` bigint(20) UNSIGNED NOT NULL AUTO_INCREMENT;

--
-- AUTO_INCREMENT for table `failed_jobs`
--
ALTER TABLE `failed_jobs`
  MODIFY `id` bigint(20) UNSIGNED NOT NULL AUTO_INCREMENT;

--
-- AUTO_INCREMENT for table `faqs`
--
ALTER TABLE `faqs`
  MODIFY `id` bigint(20) UNSIGNED NOT NULL AUTO_INCREMENT, AUTO_INCREMENT=2;

--
-- AUTO_INCREMENT for table `faq_categories`
--
ALTER TABLE `faq_categories`
  MODIFY `id` bigint(20) UNSIGNED NOT NULL AUTO_INCREMENT, AUTO_INCREMENT=2;

--
-- AUTO_INCREMENT for table `jobs`
--
ALTER TABLE `jobs`
  MODIFY `id` bigint(20) UNSIGNED NOT NULL AUTO_INCREMENT;

--
-- AUTO_INCREMENT for table `languages`
--
ALTER TABLE `languages`
  MODIFY `id` bigint(20) UNSIGNED NOT NULL AUTO_INCREMENT, AUTO_INCREMENT=4;

--
-- AUTO_INCREMENT for table `messengers`
--
ALTER TABLE `messengers`
  MODIFY `id` bigint(20) UNSIGNED NOT NULL AUTO_INCREMENT, AUTO_INCREMENT=7;

--
-- AUTO_INCREMENT for table `migrations`
--
ALTER TABLE `migrations`
  MODIFY `id` int(10) UNSIGNED NOT NULL AUTO_INCREMENT, AUTO_INCREMENT=63;

--
-- AUTO_INCREMENT for table `mobile_app_configs`
--
ALTER TABLE `mobile_app_configs`
  MODIFY `id` bigint(20) UNSIGNED NOT NULL AUTO_INCREMENT, AUTO_INCREMENT=2;

--
-- AUTO_INCREMENT for table `mobile_app_sliders`
--
ALTER TABLE `mobile_app_sliders`
  MODIFY `id` bigint(20) UNSIGNED NOT NULL AUTO_INCREMENT;

--
-- AUTO_INCREMENT for table `module_settings`
--
ALTER TABLE `module_settings`
  MODIFY `id` bigint(20) UNSIGNED NOT NULL AUTO_INCREMENT, AUTO_INCREMENT=2;

--
-- AUTO_INCREMENT for table `orders`
--
ALTER TABLE `orders`
  MODIFY `id` bigint(20) UNSIGNED NOT NULL AUTO_INCREMENT;

--
-- AUTO_INCREMENT for table `permissions`
--
ALTER TABLE `permissions`
  MODIFY `id` bigint(20) UNSIGNED NOT NULL AUTO_INCREMENT, AUTO_INCREMENT=75;

--
-- AUTO_INCREMENT for table `plans`
--
ALTER TABLE `plans`
  MODIFY `id` bigint(20) UNSIGNED NOT NULL AUTO_INCREMENT, AUTO_INCREMENT=4;

--
-- AUTO_INCREMENT for table `posts`
--
ALTER TABLE `posts`
  MODIFY `id` bigint(20) UNSIGNED NOT NULL AUTO_INCREMENT;

--
-- AUTO_INCREMENT for table `post_categories`
--
ALTER TABLE `post_categories`
  MODIFY `id` bigint(20) UNSIGNED NOT NULL AUTO_INCREMENT;

--
-- AUTO_INCREMENT for table `product_custom_fields`
--
ALTER TABLE `product_custom_fields`
  MODIFY `id` bigint(20) UNSIGNED NOT NULL AUTO_INCREMENT, AUTO_INCREMENT=5;

--
-- AUTO_INCREMENT for table `reports`
--
ALTER TABLE `reports`
  MODIFY `id` bigint(20) UNSIGNED NOT NULL AUTO_INCREMENT;

--
-- AUTO_INCREMENT for table `reviews`
--
ALTER TABLE `reviews`
  MODIFY `id` bigint(20) UNSIGNED NOT NULL AUTO_INCREMENT, AUTO_INCREMENT=3;

--
-- AUTO_INCREMENT for table `roles`
--
ALTER TABLE `roles`
  MODIFY `id` bigint(20) UNSIGNED NOT NULL AUTO_INCREMENT, AUTO_INCREMENT=3;

--
-- AUTO_INCREMENT for table `seos`
--
ALTER TABLE `seos`
  MODIFY `id` bigint(20) UNSIGNED NOT NULL AUTO_INCREMENT, AUTO_INCREMENT=10;

--
-- AUTO_INCREMENT for table `settings`
--
ALTER TABLE `settings`
  MODIFY `id` bigint(20) UNSIGNED NOT NULL AUTO_INCREMENT, AUTO_INCREMENT=2;

--
-- AUTO_INCREMENT for table `setup_guides`
--
ALTER TABLE `setup_guides`
  MODIFY `id` bigint(20) UNSIGNED NOT NULL AUTO_INCREMENT, AUTO_INCREMENT=7;

--
-- AUTO_INCREMENT for table `social_media`
--
ALTER TABLE `social_media`
  MODIFY `id` bigint(20) UNSIGNED NOT NULL AUTO_INCREMENT, AUTO_INCREMENT=2;

--
-- AUTO_INCREMENT for table `sub_categories`
--
ALTER TABLE `sub_categories`
  MODIFY `id` bigint(20) UNSIGNED NOT NULL AUTO_INCREMENT, AUTO_INCREMENT=35;

--
-- AUTO_INCREMENT for table `testimonials`
--
ALTER TABLE `testimonials`
  MODIFY `id` bigint(20) UNSIGNED NOT NULL AUTO_INCREMENT, AUTO_INCREMENT=3;

--
-- AUTO_INCREMENT for table `themes`
--
ALTER TABLE `themes`
  MODIFY `id` bigint(20) UNSIGNED NOT NULL AUTO_INCREMENT;

--
-- AUTO_INCREMENT for table `timezones`
--
ALTER TABLE `timezones`
  MODIFY `id` bigint(20) UNSIGNED NOT NULL AUTO_INCREMENT, AUTO_INCREMENT=851;

--
-- AUTO_INCREMENT for table `transactions`
--
ALTER TABLE `transactions`
  MODIFY `id` bigint(20) UNSIGNED NOT NULL AUTO_INCREMENT, AUTO_INCREMENT=6;

--
-- AUTO_INCREMENT for table `users`
--
ALTER TABLE `users`
  MODIFY `id` bigint(20) UNSIGNED NOT NULL AUTO_INCREMENT, AUTO_INCREMENT=17;

--
-- AUTO_INCREMENT for table `user_device_tokens`
--
ALTER TABLE `user_device_tokens`
  MODIFY `id` bigint(20) UNSIGNED NOT NULL AUTO_INCREMENT;

--
-- AUTO_INCREMENT for table `user_plans`
--
ALTER TABLE `user_plans`
  MODIFY `id` bigint(20) UNSIGNED NOT NULL AUTO_INCREMENT, AUTO_INCREMENT=17;

--
-- AUTO_INCREMENT for table `wishlists`
--
ALTER TABLE `wishlists`
  MODIFY `id` bigint(20) UNSIGNED NOT NULL AUTO_INCREMENT, AUTO_INCREMENT=5;

--
-- Constraints for dumped tables
--

--
-- Constraints for table `ads`
--
ALTER TABLE `ads`
  ADD CONSTRAINT `ads_brand_id_foreign` FOREIGN KEY (`brand_id`) REFERENCES `brands` (`id`) ON DELETE CASCADE,
  ADD CONSTRAINT `ads_category_id_foreign` FOREIGN KEY (`category_id`) REFERENCES `categories` (`id`) ON DELETE CASCADE,
  ADD CONSTRAINT `ads_user_id_foreign` FOREIGN KEY (`user_id`) REFERENCES `users` (`id`) ON DELETE CASCADE;

--
-- Constraints for table `ad_features`
--
ALTER TABLE `ad_features`
  ADD CONSTRAINT `ad_features_ad_id_foreign` FOREIGN KEY (`ad_id`) REFERENCES `ads` (`id`) ON DELETE CASCADE;

--
-- Constraints for table `blog_comments`
--
ALTER TABLE `blog_comments`
  ADD CONSTRAINT `blog_comments_post_id_foreign` FOREIGN KEY (`post_id`) REFERENCES `posts` (`id`) ON DELETE CASCADE;

--
-- Constraints for table `category_custom_field`
--
ALTER TABLE `category_custom_field`
  ADD CONSTRAINT `category_custom_field_category_id_foreign` FOREIGN KEY (`category_id`) REFERENCES `categories` (`id`) ON DELETE CASCADE,
  ADD CONSTRAINT `category_custom_field_custom_field_id_foreign` FOREIGN KEY (`custom_field_id`) REFERENCES `custom_fields` (`id`) ON DELETE CASCADE;

--
-- Constraints for table `custom_fields`
--
ALTER TABLE `custom_fields`
  ADD CONSTRAINT `custom_fields_custom_field_group_id_foreign` FOREIGN KEY (`custom_field_group_id`) REFERENCES `custom_field_groups` (`id`) ON DELETE CASCADE;

--
-- Constraints for table `custom_field_values`
--
ALTER TABLE `custom_field_values`
  ADD CONSTRAINT `custom_field_values_custom_field_id_foreign` FOREIGN KEY (`custom_field_id`) REFERENCES `custom_fields` (`id`) ON DELETE CASCADE;

--
-- Constraints for table `faqs`
--
ALTER TABLE `faqs`
  ADD CONSTRAINT `faqs_faq_category_id_foreign` FOREIGN KEY (`faq_category_id`) REFERENCES `faq_categories` (`id`) ON DELETE CASCADE;

--
-- Constraints for table `model_has_permissions`
--
ALTER TABLE `model_has_permissions`
  ADD CONSTRAINT `model_has_permissions_permission_id_foreign` FOREIGN KEY (`permission_id`) REFERENCES `permissions` (`id`) ON DELETE CASCADE;

--
-- Constraints for table `model_has_roles`
--
ALTER TABLE `model_has_roles`
  ADD CONSTRAINT `model_has_roles_role_id_foreign` FOREIGN KEY (`role_id`) REFERENCES `roles` (`id`) ON DELETE CASCADE;

--
-- Constraints for table `posts`
--
ALTER TABLE `posts`
  ADD CONSTRAINT `posts_author_id_foreign` FOREIGN KEY (`author_id`) REFERENCES `admins` (`id`) ON DELETE CASCADE,
  ADD CONSTRAINT `posts_category_id_foreign` FOREIGN KEY (`category_id`) REFERENCES `post_categories` (`id`) ON DELETE CASCADE;

--
-- Constraints for table `product_custom_fields`
--
ALTER TABLE `product_custom_fields`
  ADD CONSTRAINT `product_custom_fields_ad_id_foreign` FOREIGN KEY (`ad_id`) REFERENCES `ads` (`id`) ON DELETE CASCADE,
  ADD CONSTRAINT `product_custom_fields_custom_field_group_id_foreign` FOREIGN KEY (`custom_field_group_id`) REFERENCES `custom_field_groups` (`id`) ON DELETE CASCADE,
  ADD CONSTRAINT `product_custom_fields_custom_field_id_foreign` FOREIGN KEY (`custom_field_id`) REFERENCES `custom_fields` (`id`) ON DELETE CASCADE;

--
-- Constraints for table `reports`
--
ALTER TABLE `reports`
  ADD CONSTRAINT `reports_report_from_id_foreign` FOREIGN KEY (`report_from_id`) REFERENCES `users` (`id`) ON DELETE CASCADE,
  ADD CONSTRAINT `reports_report_to_id_foreign` FOREIGN KEY (`report_to_id`) REFERENCES `users` (`id`) ON DELETE CASCADE;

--
-- Constraints for table `reviews`
--
ALTER TABLE `reviews`
  ADD CONSTRAINT `reviews_user_id_foreign` FOREIGN KEY (`user_id`) REFERENCES `users` (`id`) ON DELETE CASCADE;

--
-- Constraints for table `role_has_permissions`
--
ALTER TABLE `role_has_permissions`
  ADD CONSTRAINT `role_has_permissions_permission_id_foreign` FOREIGN KEY (`permission_id`) REFERENCES `permissions` (`id`) ON DELETE CASCADE,
  ADD CONSTRAINT `role_has_permissions_role_id_foreign` FOREIGN KEY (`role_id`) REFERENCES `roles` (`id`) ON DELETE CASCADE;

--
-- Constraints for table `social_media`
--
ALTER TABLE `social_media`
  ADD CONSTRAINT `social_media_user_id_foreign` FOREIGN KEY (`user_id`) REFERENCES `users` (`id`) ON DELETE CASCADE;

--
-- Constraints for table `sub_categories`
--
ALTER TABLE `sub_categories`
  ADD CONSTRAINT `sub_categories_category_id_foreign` FOREIGN KEY (`category_id`) REFERENCES `categories` (`id`) ON DELETE CASCADE;

--
-- Constraints for table `transactions`
--
ALTER TABLE `transactions`
  ADD CONSTRAINT `transactions_plan_id_foreign` FOREIGN KEY (`plan_id`) REFERENCES `plans` (`id`) ON DELETE CASCADE,
  ADD CONSTRAINT `transactions_user_id_foreign` FOREIGN KEY (`user_id`) REFERENCES `users` (`id`) ON DELETE CASCADE;

--
-- Constraints for table `user_device_tokens`
--
ALTER TABLE `user_device_tokens`
  ADD CONSTRAINT `user_device_tokens_user_id_foreign` FOREIGN KEY (`user_id`) REFERENCES `users` (`id`) ON DELETE CASCADE;

--
-- Constraints for table `user_plans`
--
ALTER TABLE `user_plans`
  ADD CONSTRAINT `user_plans_current_plan_id_foreign` FOREIGN KEY (`current_plan_id`) REFERENCES `plans` (`id`) ON DELETE CASCADE,
  ADD CONSTRAINT `user_plans_user_id_foreign` FOREIGN KEY (`user_id`) REFERENCES `users` (`id`) ON DELETE CASCADE;

--
-- Constraints for table `wishlists`
--
ALTER TABLE `wishlists`
  ADD CONSTRAINT `wishlists_ad_id_foreign` FOREIGN KEY (`ad_id`) REFERENCES `ads` (`id`) ON DELETE CASCADE,
  ADD CONSTRAINT `wishlists_user_id_foreign` FOREIGN KEY (`user_id`) REFERENCES `users` (`id`) ON DELETE CASCADE;
COMMIT;

/*!40101 SET CHARACTER_SET_CLIENT=@OLD_CHARACTER_SET_CLIENT */;
/*!40101 SET CHARACTER_SET_RESULTS=@OLD_CHARACTER_SET_RESULTS */;
/*!40101 SET COLLATION_CONNECTION=@OLD_COLLATION_CONNECTION */;
